bn_words_of_interest,frequency_count
য়,102621
ওয়া,29507
হয়,8486
হয়ে,5611
দায়,4559
আয়,3960
দিয়ে,3653
আদায়,3460
নিয়ে,2958
সময়,2922
রায়,2838
হয়েছ,2638
দেয়,2611
আয়িশা,2559
যায়,2532
ইয়া,2420
‘আয়িশা,2038
দেয়া,2012
ওয়াসাল্লাম,1949
হয়েছে,1932
ওয়ার,1600
হুরায়র,1552
হুরায়রা,1551
গিয়ে,1496
ওয়াসাল্লাম),1489
বায়,1386
দিয়েছ,1303
ভয়,1249
চেয়ে,1239
অবস্থায়,1220
আয়িশাহ,1183
রয়ে,1124
আয়াত,1079
হয়েছে।,1036
বিষয়,1028
রয়েছ,989
রয়েছে,971
উভয়,887
‘আয়িশাহ,864
হয়।,826
দিয়েছে,789
হওয়া,759
দাঁড়িয়ে,733
হয়েছি,684
নয়,668
আয়িশাহ্,624
দিয়েছেন,615
পায়,577
হয়েছিল,570
বিষয়ে,570
হায়,553
যায়দ,548
ওয়াল,543
ভয়ে,533
বর্ণনায়,521
দিয়েছি,467
উভয়ে,456
‘আয়িশাহ্,455
যুবায়র,444
কিয়াম,443
হুরায়রাহ,442
ওয়াক,440
যায়।,436
নিশ্চয়,435
ন্যায়,428
পেয়ে,427
নেয়,416
ওয়াসাল্লাম)-,411
বিনিময়,410
"হয়,",408
সওয়ার,402
যাওয়া,390
নিয়া,387
হওয়ার,385
সময়ে,384
ক্রয়,384
তায়,380
দেয়ার,379
রয়েছে।,372
হুরায়রাহ্,369
দায়ে,369
জয়,365
বেরিয়ে,364
ইয়াহূদ,361
নিয়েছ,356
ফিরিয়ে,356
ইয়াহূদী,347
বিনিময়ে,345
দিয়েছেন।,337
সায়,337
সিয়াম,332
দায়ের,332
নিশ্চয়ই,331
উরওয়া,326
আশ্রয়,324
রিওয়ায়াত,319
দিয়েছিল,316
সম্প্রদায়,314
ক্বিয়াম,313
পুনরায়,313
কয়,312
দুনিয়া,308
আয়িশাহ্‌,307
নয়।,303
তৃতীয়,301
ওয়াসাল্লাম)-এর,291
প্রয়োজন,290
বিয়ে,290
উরওয়াহ,287
‘উরওয়া,287
পাঠিয়ে,286
বিজয়,284
পায়ে,282
জায়গা,280
কয়েক,269
হয়নি,269
সবচেয়,266
সবচেয়ে,265
কিয়ামাত,262
ফায়,262
তিলাওয়াত,261
গিয়েছি,258
দেয়।,255
‘উরওয়াহ,254
ওয়াজ,253
আয়াতটি,253
হয়েছিল।,251
খায়,247
মারওয়া,245
দায়িত্ব,244
ওয়াদ,242
খাওয়া,241
বয়স,239
নেয়া,239
তাওয়াফ,235
কুরায়,234
মেয়ে,234
ক্বিয়ামাত,231
ওয়াহী,230
গিয়েছিল,223
ওয়ালা,223
প্রিয়,220
যাওয়ার,215
উঠিয়ে,214
চায়,212
"হয়েছে,",211
‘আয়িশাহ্‌,211
নিয়েছে,209
দ্বিতীয়,209
পেয়েছ,207
সওয়ারী,206
ইয়ামান,205
দিয়েছিলে,204
পায়ের,202
বিক্রয়,201
ইয়ায,200
সাওয়াব,199
কোথায়,199
খেয়ে,197
বায়ত,197
রিয়া,196
বিষয়টি,195
দিয়েছিলেন,195
করিয়ে,193
জানিয়ে,193
এগিয়ে,191
কায়স,190
হয়নি।,188
বায়তুল,183
রওয়ানা,179
ইয়াযীদ,177
পাওয়া,171
আদায়ে,169
ভয়ের,169
ঘুমিয়ে,168
গায়ে,168
সম্প্রদায়ে,168
সম্প্রদায়ের,165
মক্কায়,163
সুলায়ম,163
আত্মীয়,159
ক্বিয়ামাতে,158
পাঠিয়েছ,156
বায়তুল্লাহ,155
হয়ত,155
ক্বিয়ামাতের,154
ভাইয়ের,152
শয়তান,152
উভয়ের,150
দয়া,149
আদায়ের,148
স্বীয়,147
কিয়ামাতে,147
নিয়েছেন,146
মদীনায়,145
হুরায়রা্,145
কিয়ামাতের,145
সুফ্ইয়া,144
আওয়াজ,144
য়াহ্ইয়া,144
সুফ্ইয়ান,143
ইয়াহ্ইয়া,143
ওয়াক্ত,143
"রয়েছে,",141
ছায়া,138
"যায়,",138
মাদীনায়,137
চেয়েও,137
কিয়ামত,136
বিদায়,136
ওয়ালী,135
ইয়াহ্‌ইয়া,135
জায়গায়,135
নিয়েছি,131
ধুয়ে,131
'আয়িশা,130
জয়ের,130
কতিপয়,130
রাস্তায়,129
মু’আবিয়া,129
সাওয়ার,128
ব্যয়,128
শুয়ে,128
চেয়েছ,128
মাথায়,128
এমতাবস্থায়,128
ত্বওয়াফ,127
আসওয়াদ,127
উবায়দ,127
হুমায়দ,126
হুরায়রাহ্‌,126
তৃতীয়াংশ,125
লায়স,125
বিজয়ে,123
আয়াতে,123
সুফ্‌ইয়ান,122
তুলনায়,121
বিজয়ের,121
ওয়াসাল্লাম-এর,121
প্রায়,120
পেয়েছি,120
দিয়েছিলেন।,120
কুরায়শ,120
বানিয়ে,119
হয়েছে?,116
সরিয়ে,115
নিয়ার,113
ফায়সালা,113
জুরায়জ,112
সময়ের,112
তাকিয়ে,112
সিরিয়া,110
দিয়া,110
যুহায়র,110
মাক্কায়,110
কয়েকজন,110
বয়ে,109
বায়’আত,109
সুফিয়া,108
সুফিয়ান,107
সওয়াব,107
অনুযায়ী,107
মারওয়ান,107
তালবিয়া,106
লাগিয়ে,105
খায়বার,105
ইয়াস,105
উরওয়াহ্,104
হিদায়া,104
আইয়ূব,103
‘উবায়দ,102
নেয়।,102
হিদায়াত,102
হুসায়ন,102
জড়িয়ে,100
মু’আবিয়াহ,100
কুরায়ব,99
নেয়ার,98
যায়নাব,98
বসিয়ে,98
ক্রয়-বিক্রয়,98
নুমায়র,97
সাওয়ারী,96
নিয়ম,96
বয়সে,96
এলাকায়,96
ওয়াসাল্লাম)-কে,96
দিয়েছি।,96
আয়েশ,95
‘উরওয়াহ্,94
ওয়ায,94
দুনিয়ার,93
ছয়,93
ওয়াক্কাস,92
আয়েশা,92
পছন্দনীয়,91
চেয়েছি,91
বাড়িয়ে,91
মায়ের,90
"দেয়,",90
দিয়েছে।,90
ভয়েই,89
হাওয়া,88
আয়াতের,88
উমাইয়া,88
কোথায়?,88
ইয়াতীম,88
হাদিয়া,87
উভয়েই,87
পর্যায়,86
ওয়ালীদ,85
পাঠিয়েছেন,85
কয়েকটি,85
কিয়ামতের,83
ওয়াজিব,82
‘আয়েশা,80
হৃদয়,80
খাওয়ার,80
দেয়াল,80
ওয়াদা,80
পেয়ালা,80
মিসওয়ার,80
হয়েছেন,79
সাফা-মারওয়া,78
জয়ী,78
'আয়িশাহ,78
শায়বা,77
নিয়েছিল,77
ইয়ামানে,77
গিয়েছে,76
সুহায়ল,76
বয়স্ক,76
হারিয়ে,76
বিছানায়,75
আত্মীয়তা,75
জানিয়েছে,74
গিয়েছিল।,74
‘ওয়া,74
"দিয়েছেন,",74
প্রয়োজনে,73
বেলায়,72
হুদাইবিয়া,72
মু‘আবিয়া,72
"নয়,",72
ইয়াহূদীর,71
দেখিয়ে,71
ছড়িয়ে,70
মারওয়ার,70
বিষয়ের,70
দেওয়া,70
চেয়েছিল,70
সময়),70
উবায়দুল্লাহ,69
পালিয়ে,69
মু’আবিয়াহ্,68
পর্যায়ে,67
জাতীয়,67
মারইয়াম,67
দরজায়,67
অন্যায়,67
ময়দা,66
জানিয়েছেন,66
রিওয়ায়াতে,66
জ্বালিয়ে,65
চাওয়া,65
স্থায়ী,65
গিয়েছিলে,65
তৃতীয়বার,65
জুবায়র,64
ইয়াসার,64
"হয়েছিল,",64
শুনিয়ে,64
মিনায়,64
ইয়াহূদীদের,64
দাওয়া,63
সুফইয়ান,63
পাওয়ার,63
গিয়েছিলেন,62
করিয়েছ,62
আকওয়া,62
ওয়াকী,61
গলায়,61
তলোয়ার,60
নিয়োগ,60
উমাইয়াহ,60
"চায়,",60
পাঠিয়েছি,60
উপত্যকায়,59
ময়দান,59
দা’ওয়াত,59
হাঁকিয়ে,59
পেয়েছে,59
[‘আয়িশা,58
ক্বায়স,58
ঝুলিয়ে,57
মু‘আবিয়াহ,57
আদায়কারী,57
নিয়্যাত,57
মদিনায়,57
করায়,56
দাওয়াত,56
মুসাইয়্যাব,56
আত্মীয়তার,56
পলায়ন,56
ইয়াদ,55
যাবতীয়,55
সওয়ারীর,55
হয়েছিলেন,55
বিক্রয়ে,55
ইয়াহুদ,55
‘উবায়দুল্লাহ,54
হয়েছি।,54
তথায়,54
উয়াইনা,54
সংখ্যায়,54
চেহারায়,53
উসায়দ,53
দ্বয়ের,53
খায়বারে,53
পেয়েছি।,53
দুনিয়াতে,53
সাফিয়্যা,52
কায়িম,52
ন্যায়।,52
রয়েছেন,51
শয়তানের,51
সফিয়্যা,51
ইয়াহুদী,51
উড়িয়ে,51
আইয়ুব,51
ময়দানে,51
তালবিয়াহ,51
উভয়কে,50
নিয়েছিলে,50
সুলায়মান,50
হয়।এখনো,50
সাইয়্যাদ,49
পানীয়,49
পরিয়ে,49
সন্ধ্যায়,49
(ইয়া,48
সাফা-মারওয়ার,48
ছায়ায়,48
উয়াইনাহ,48
অপেক্ষায়,48
পায়।,48
আতিয়্যা,48
দেয়নি,47
পৌঁছিয়ে,47
নিয়েছেন।,47
ঢুকিয়ে,47
পরিচয়,47
অন্যথায়,47
ইয়ামানী,47
মেয়েদের,47
রাওয়া,47
ইয়াহইয়া,47
নয়?,46
চায়।,46
সাজদায়,46
শায়বাহ,46
বিজয়ী,46
পায়খানা,46
সওয়ারীতে,46
ওয়ায়িল,46
দিয়েছিল।,46
গিয়েছিলাম,46
হয়েছে।এখনো,46
ইয়াহূদীরা,46
জানোয়ার,46
হায়য,45
ওয়ারিস,45
তালবিয়াহ্,45
নিয়েছিলেন,45
অবস্থায়ই,45
সূর্যোদয়,45
হয়তো,45
মুয়ায,45
মালায়িকা,45
ভাষায়,44
সিজদায়,44
হয়?,43
হাওয়াযিন,43
শিখিয়ে,43
দুনিয়ায়,42
দ্বিতীয়বার,42
ফয়সালা,42
বিছিয়ে,42
গুহায়,42
মিসওয়াক,42
বায়‘আত,42
ক্রয়ের,42
আশায়,42
প্রিয়।,42
লুকিয়ে,41
কথায়,41
উমাইয়্যা,41
উমায়র,41
গিয়েছিলেন।,41
দেয়ালে,41
খায়বারের,41
দিয়েছিলাম,40
খেয়েছ,40
যিয়াদ,40
জমায়েত,40
আটকিয়ে,40
ক্বিয়ামত,40
পাঠিয়েছিলেন,40
জানাযায়,40
নিয়েছে।,40
ওয়াকী’,40
মিলিয়ে,40
বায়ু,39
হুনায়ন,39
হয়েছেন।,39
সায়িব,39
মানায়,39
সম্প্রদায়কে,39
সফিয়্যাহ,39
হৃদয়ে,38
ওয়াক্তে,38
পেয়েছিল,38
বয়সের,38
ইয়ামানের,38
হুওয়া,37
‘উয়াইনাহ,37
বিয়ের,37
মারওয়াহ,37
দণ্ডায়মান,37
হিরাক্লিয়াস,37
শায়বাহ্,37
ক্রয়-বিক্রয়ে,37
সাওয়ারীর,37
উরওয়াহ্‌,37
সুওয়াইদ,37
"পায়,",36
ওয়ালীমা,36
ঘুরিয়ে,36
রাওয়াহা,36
গিয়েছেন,36
সাইয়াদ,36
গোত্রীয়,36
যামানায়,35
হায়িয,35
গুটিয়ে,35
হুদাইবিয়ার,35
হুরায়রা্‌,35
মায়মূন,35
মু’আবিয়াহ্‌,35
হয়ো,35
দয়ালু,35
দিয়েই,35
বায়তুল্লাহ-এর,35
ওয়াসিয়্যাত,35
মিশিয়ে,34
উপায়,34
হয়েছিলেন।,34
বিক্রয়ের,34
অপছন্দনীয়,34
দায়িত্বে,34
মেয়ের,34
সহায়,34
মেয়াদ,34
করিয়েছে,34
মুযদালিফায়,34
‘উমায়র,33
ময়লা,33
চেয়েছে,33
তায়াম্মুম,33
ভয়ই,33
তাওয়াফে,33
‘ওয়ালা’,33
হয়ে),33
ছিটিয়ে,33
ওয়াসী,33
নিয়েছি।,33
ধাওয়া,33
তুফায়ল,33
সায়ী,33
মারওয়াহ্,32
চড়িয়ে,32
স্বয়ং,32
রয়েছেন।,32
তাড়িয়ে,32
অবস্থায়),32
উভয়ই,32
হায়!,32
ওয়াইল,31
দিয়ে),31
হুদাইবিয়াহ,31
লায়ল,31
খেয়া,31
সাওয়াবে,31
হুযায়ফা,31
হয়েছিলাম,31
"দেয়া,",31
বায়তুল্লাহ্,31
চাওয়ার,31
ওয়াহ্ব,31
দেয়া।,31
যায়নি,31
আত্মীয়-,31
সিরিয়ায়,31
চেয়েছিলে,30
‘উরওয়াহ্‌,30
আত্মীয়-স্বজন,30
বুঝিয়ে,30
জায়িয,30
ছিনিয়ে,30
মেয়েকে,30
ইখতিয়ার,30
এক-তৃতীয়াংশ,30
সাওয়াবের,30
কায়সার,30
'আয়িশাহ্,29
হয়),29
ঝাঁপিয়ে,29
সাফিয়্যাহ,29
সিরিয়ার,29
বায়তুল্লাহর,29
গিয়েছিলাম।,29
আকওয়া’,29
“ওয়া,29
চেয়েছেন,29
কষ্টদায়ক,29
উমাইয়্যাহ,29
মায়িদাহ,28
মালায়িকাহ,28
স্থানীয়,28
পরওয়া,28
ইয়ামানবাসী,28
উয়াইনাহ্,28
“নিশ্চয়,28
উভয়টি,28
কুরায়শদের,28
‘আয়িশাহ্(,28
ওয়াল্,28
মুয়ায্‌যিন,28
প্রায়ই,28
দিয়েছেন।এখনো,28
ব্যাখ্যায়,27
শুনিয়েছেন,27
"নেয়,",27
রায়া,27
মু‘আবিয়াহ্,27
ওয়াহ্‌ব,27
দাঁড়ায়,27
ওয়াহীর,27
জওয়াব,27
জীবদ্দশায়,27
গায়ের,27
দিয়েছেন?,27
ইয়ালা,27
নিয়ে),27
খেয়াল,27
লাব্বায়ক,27
‘আয়িশাহ্(রাঃ),27
ইয়া’লা,27
চেয়েছিলাম,27
পাঠিয়েছেন।,27
ওয়ামি,27
বর্ণিতঃ‘আয়িশা,27
হুয়াই,27
উল্টিয়ে,26
ওয়ারিশ,26
ভুলিয়ে,26
"হয়েছি,",26
ক্রিয়া,26
তলায়,26
ওয়াবি,26
নৌকায়,26
নিকটাত্মীয়,26
নিয়েছিলেন।,26
করিয়েছি,26
অসীয়ত,26
দায়িত্বশীল,26
আয়াতগুলো,26
জাহিলিয়্যাত,26
লাব্বায়কা,26
জায়গাটি,26
খায়।,26
প্রয়োজনের,26
যিয়ারত,26
দীর্ঘায়িত,26
ভয়াবহ,25
কামিয়ে,25
ফাতাওয়া,25
বজায়,25
‘উলাইয়্যা,25
পাঠিয়েছিলেন।,25
সফিয়্যাহ্,25
গড়িয়ে,25
"দিয়েছে,",25
বয়স্কা,25
ইশারায়,25
উনায়স,25
প্রয়োগ,25
নামিয়ে,25
চালিয়ে,25
যুবায়রকে,25
দেয়নি।,25
ওয়ালা-,25
ঘোড়ায়,25
বিস্ময়,25
কমিয়ে,25
ছয়জন,25
নিয়োজিত,24
পেয়েছেন,24
বসায়,24
শয্যায়,24
চাটাইয়ে,24
'আয়িশাহ্‌,24
হুনায়নের,24
উকিয়া,24
‘উয়াইনাহ্,24
"পাঠিয়েছেন,",24
তায়বা,24
অল্পস্থায়ী,24
যায়িদ,24
তিলাওয়াতে,24
সংশয়,24
বুকায়র,24
কুয়া,24
হয়েছিল?,24
দিয়্যাত,24
মায়মূনা,24
"হয়নি,",23
শুরায়হ,23
নিয়ন্ত্রণ,23
আয়ত্ত,23
ক্বিয়ামতের,23
ভাইয়েরা,23
লাগায়,23
উদয়,23
যুবায়রের,23
ওয়াজে,23
পাথেয়,23
পরওয়ারদিগার,23
"দিয়েছিলেন,",23
আওয়ানা,23
চাটাইয়ের,23
ন্যায়ভাবে,23
(‘আয়িশা,23
আতিয়্যাহ,23
নেতৃস্থানীয়,23
আবিসিনিয়া,23
ওয়াতা,22
উমাইয়্যাহ্,22
সা’য়ী,22
ওয়াসীলা,22
লায়লা,22
খেয়েছি,22
চেয়েছিলেন,22
হওয়া।,22
ক্রয়-বিক্রয়ের,22
পেয়ালাটি,22
বয়সী,22
হৃদয়ের,22
সাফা-মারওয়াহ্,22
ন্যায়সঙ্গত,22
নয়ন,22
তিলাওয়াতের,22
জানায়,22
সূরায়,22
ওয়ালিদ,22
দাঁড়িয়েছি,22
অন্যায়ভাবে,22
হুরায়রা!,22
আত্বিয়্যাহ,22
খাওয়ান,22
সুহায়ব,22
জায়গার,22
খয়রা,22
মালায়িকাহ্,22
মেয়াদে,22
নায়ক,22
চাপিয়ে,22
স্বেচ্ছায়,21
সময়।,21
বায়দা,21
চিবিয়ে,21
বুলিয়ে,21
করিয়েছেন,21
দিয়েছিলাম।,21
"হওয়া,",21
বুরায়দ,21
যায়নি।,21
প্রয়োজনীয়,21
সিরিয়াবাসী,21
ওয়ালার,21
[‘আয়িশাহ,21
সিয়ামে,21
‘আত্বিয়্যাহ্,21
গিয়েছেন।,21
কুতায়বা,21
হয়ঃ,21
সঞ্চয়,21
"নুমায়র,",21
রয়েছে-,21
ইয়ামামা,20
মায়মূনাহ,20
আওয়াজে,20
বিধায়,20
ইখ্‌তিয়ার,20
ওয়াসাল্লাম)!,20
জামরায়,20
সিয়ামের,20
খিয়ানত,20
খুবায়ব,20
ওয়া’দা,20
(মাক্কায়,20
ওয়ারাকা,20
দেয়ালের,20
ধোঁয়া,20
ফিতনায়,20
"নিয়েছেন,",20
আয়িশাহ!,20
উমাইয়াহ্,20
পায়জামা,20
দিয়েছি?,20
মেয়েটি,20
ওয়ার্‌,20
খাওয়াত,20
সাফওয়ান,20
গিয়েছে।,19
হয়েছিল।এখনো,19
পরিধেয়,19
সূর্যোদয়ের,19
মায়িদাহ্,19
ওয়াস্,19
শিয়া,19
হওয়ায়,19
ইয়াতীমের,19
নিয়মে,19
পড়িয়ে,19
নিয়ত,19
জাগিয়ে,19
ত্বওয়াফে,19
তাওয়াফের,19
ওয়ায্‌,19
মিটিয়ে,19
দু’পায়ের,19
বুরায়দাহ্,19
নুবূওয়াত,19
উওয়াইমির,19
রংয়ে,19
খাওয়ানো,19
গোপনীয়,19
রয়েছে।এখনো,19
গিয়েছি।,19
সম্প্রদায়!,18
দূষণীয়,18
(‘আয়িশাহ,18
সময়ই,18
বুঝিয়েছেন,18
ওয়াসাল্লাম-কে,18
সমুদয়,18
হুযায়র,18
হয়”,18
মারওয়ানের,18
নিয়্যাতে,18
‘আতিয়্যা,18
‘উলাইয়্যাহ,18
যায়দের,18
(দ্বিতীয়,18
(আয়াত,18
সময়ও,18
হয়েছিলাম।,18
নিয়মিত,18
রংয়ের,18
ভয়ানক,18
জাহিলিয়্যাতে,18
দেখিয়েছে,18
উকায়ল,18
বায়তুল্লাহ্‌,18
(মাক্কায়),18
হায়স,18
থাকাবস্থায়,18
আরায়া,18
ঘনিয়ে,18
শু’আয়ব,18
ছয়টি,18
তৃতীয়বারে,18
হয়।(আধুনিক,18
‘ইয়া,18
নিয়েই,18
ওয়াক্তের,18
(ক্বিয়ামাত,17
আয়িশার,17
পাকিয়ে,17
অবস্থায়।,17
যেয়ো,17
কুরায়শের,17
শাইয়িন,17
হয়।’,17
কুতায়বাহ,17
জাহিলিয়্যাতের,17
অসহায়,17
যায়?,17
আদায়কারীর,17
‘উমাইয়া,17
(উভয়,17
খাওয়াও,17
নেয়।এখনো,17
সওয়াবে,17
নিরাময়,17
ইয়াহুদীর,17
মুলায়কা,17
কাটিয়ে,17
পৌছিয়ে,17
কায়সের,17
"খায়,",17
নিভিয়ে,17
উমাইয়াহ্‌,17
কিয়ামে,17
বংশীয়,16
ইয়ামানবাসীদের,16
ঘটায়,16
হয়েছে-,16
কুতায়বাহ্,16
আনিয়ে,16
খাওয়াতে,16
খেয়েছে,16
লাগিয়েছি,16
নির্ণয়,16
কিয়দংশ,16
তওয়াফ,16
সানিয়্যা,16
শায়বান,16
আয়ু,16
সুফ্‌ইয়ানের,16
সওয়াবের,16
যাকারিয়্যা,16
‘আতিয়্যাহ,16
মুসাইয়্যিব,16
চিন্তায়,16
হয়েছে),16
কেয়ামত,16
পুড়িয়ে,16
আইয়্যাশ,16
ধোয়া,16
পেয়েছিলাম,16
চোয়াল,16
আশঙ্কায়,16
মায়মূনাহ্,16
ডুবিয়ে,16
ওয়াজিব।,16
থামিয়ে,16
হুলায়ফাহ্,16
সফিয়্যাহ্‌,16
(ইয়াহূদী,16
হিদায়াতে,16
যাকওয়ান,16
যায়।এখনো,16
মারওয়াহ্‌,16
মুয়াজ্জিন,16
শিখিয়েছেন,15
আওয়াম,15
শ্রেয়,15
বেয়ে,15
ইচ্ছায়,15
তোমায়,15
আয়িশাহ্‌!,15
তায়েফ,15
খিয়ার,15
ওয়া‘দা,15
কুন্ইয়াত,15
আমায়,15
হয়েই,15
খয়রাত,15
সময়কার,15
যন্ত্রণাদায়ক,15
মুওয়ায্‌যিন,15
অধিনায়ক,15
কুবায়,15
মেয়েরা,15
আয়াতসমূহ,15
কঙ্করময়,15
কিয়ামের,15
খায়র,15
শায়িত,15
দেয়।এখনো,15
হিদায়াতের,15
দন্ডায়মান,15
‘আয়িশার,15
(মক্কায়,15
লাফিয়ে,15
আশ্রয়স্থল,15
গোয়েন্দা,15
ইয়ালামলাম,15
আয়িশাহ্!,15
হুরায়রা্(রাঃ),15
"গিয়েছিল,",15
নিয়েছিলাম,15
বিপর্যয়,15
ওয়া-তি,15
হয়েছেঃ,15
কয়েকবার,15
হুনায়ফ,15
“নিশ্চয়ই,15
“ইয়া,15
দিয়াত,14
পেঁচিয়ে,14
ইয়াহূদীকে,14
ধোঁকায়,14
ঘুমায়,14
মুকাবিলায়,14
‘উলাইয়্যাহ্,14
ঘটিয়ে,14
নিয়ামত,14
যাতায়াত,14
ন্যায়সঙ্গতভাবে,14
"জানিয়েছেন,",14
পছন্দনীয়।,14
সদয়,14
(কিয়ামতের,14
বিষয়ে),14
সময়কাল,14
দায়িত্ববান,14
থাকায়,14
আবহাওয়া,14
কুরায়শরা,14
শুকিয়ে,14
‘আয়িশাহ!,14
উমাইয়্যাহ্‌,14
আত্মীয়দের,14
(ক্বিয়ামাতের,14
ওয়ালীমাহ,14
আয়মান,14
হুদাইবিয়াহ্‌,14
ওয়াসাক,14
ওয়ালাদ,14
তা’য়ালা,14
আয়িশা!,14
তায়াম্মুমের,14
শুনিয়েছেন।,14
খেয়ো,14
পিছিয়ে,14
সামা-ওয়া-তি,14
করিয়েছেন।,14
মেয়েলোক,14
ওয়ামিল,14
আপ্যায়ন,14
নয়),14
সফীয়্যাহ,14
পর্যায়ক্রমে,14
(মক্কায়),14
পেয়েছে।,14
জানোয়ারের,14
দৌড়িয়ে,13
মদ্যপায়ী,13
হিরাক্লিয়াসের,13
‘হায়,13
মুয়াযযিন,13
কু’আয়স,13
"কুরায়ব,",13
দেখিয়েছেন,13
কিয়াস,13
যায়দকে,13
কয়েকদিন,13
হয়)।,13
আসওয়াদে,13
তায়িফ,13
মুড়িয়ে,13
তিলওয়াত,13
আকর্ষণীয়,13
আঁচড়িয়ে,13
নু’আয়ম,13
নুবূওয়াতের,13
দাঁড়িয়েছিলেন,13
দারোয়ান,13
আওয়ায,13
দু’আয়,13
সাওয়াব।,13
হওয়াকে,13
শাইয়িন্,13
"ন্যায়,",13
পর্যায়ের,13
‘উবায়দুল্লাহ্,13
গিয়ে),13
(দুনিয়া,13
হয়-,13
আওয়ানাহ,13
মর্যাদায়,13
হাতিয়ার,13
‘উমরায়,13
জয়লাভ,13
সাওয়ারীতে,13
সূরায়ে,13
দেয়া),13
‘উমাইয়াহ,13
‘আয়িশাহ্!,13
‘উকায়ল,13
দয়ার,13
মায়িদাহ্‌,13
দা’ওয়াতে,12
উসায়র,12
ওয়ালীমার,12
হয়নি।এখনো,12
আয়াতঃ,12
হয়েছে;,12
শয়ন,12
২য়,12
তত্ত্বাবধায়ক,12
জুয়া,12
খেয়েছেন,12
বয়োজ্যেষ্ঠ,12
সবসময়,12
লাগিয়েছেন,12
অতিশয়,12
শুয়েছিল,12
ওয়াসাল্লাম)],12
আশংকায়,12
জামারায়,12
নিয়ন্ত্রণে,12
এড়িয়ে,12
পিঁয়াজ,12
মুলায়কাহ,12
ন্যায়),12
"শায়বাহ্,",12
সাইয়্যার,12
হুযায়ফার,12
কূয়া,12
দা‘ওয়াত,12
ওয়ালীদকে,12
সম্পর্কীয়,12
বাস্তবায়িত,12
তায়মী,12
‘আয়িশা!,12
সাহাবায়ে,12
দিয়েছিলেন।এখনো,12
হায়াত,12
যায়।(আধুনিক,12
ক্ষুধায়,12
’আয়িশা,12
সেথায়,12
ওয়াসীলাহ,12
সম্প্রদায়।,12
মুহাইয়্যিসাহ,12
দেওয়ার,12
ওয়াজের,12
হাদিয়্যাহ্,12
নবুয়ত,12
নয়।এখনো,12
উওয়াইস,12
চরিয়ে,12
কল্যাণময়,12
মারিয়া,12
সুলায়ম!,12
ইয়াদাইন,12
নিদ্রায়,12
পায়া,11
রয়েছে?,11
হুদায়বিয়ার,11
পূর্বাবস্থায়,11
ওয়াহব,11
ওয়াবারা,11
দাঁড়িয়েছিলেন।,11
হয়।’এখনো,11
তেলাওয়াত,11
ধোয়ার,11
"ইয়াহ্‌ইয়া,",11
'উরওয়া,11
আদায়কালে,11
ওয়ামা-,11
করণীয়,11
আক্‌ওয়া,11
ওয়াকী‘,11
করিয়েছি।,11
আয়াত),11
রয়েছে),11
বর্ণিতঃআয়িশা,11
লায়সী,11
পয়গাম,11
নুমায়রের,11
আবিসিনিয়ার,11
প্রিয়?,11
শোভনীয়,11
লটকিয়ে,11
"যুবায়র,",11
ওয়ালা’র,11
দু’য়ের,11
উমায়্যা,11
দিয়ে।,11
হয়।”,11
বিস্ময়কর,11
হয়;,11
"সময়,",11
তালবিয়াহ্‌,11
হুশায়ম,11
দয়ালু।,11
পন্থায়,11
মুহাইয়্যিসাহ্,11
ন্যায়পরায়ণ,11
পলায়নপর,11
ওয়াদি,11
ইয়ামামার,11
"দিয়েছ,",11
(মদীনায়,11
লুক্কায়িত,11
আওয়াজের,11
ধোঁয়া,11
জুরায়জের,11
শায়খ,11
আম্বিয়া,11
"পেয়েছি,",11
আসওয়াদের,11
যুল-হুলায়ফা,11
হুদাইবিয়াহর,11
পেয়েছ?,11
দয়াময়,11
আলোচনায়,11
চূড়ায়,11
ইয়াহূদীদেরকে,11
মুসায়্যাব,11
কেয়ামতের,11
প্রিয়তম,11
নয়টি,11
হুওয়াইরিস,11
চামড়ায়,11
পায়নি,11
যায়েদ,11
ওয়ালাদের,11
সময়ে),11
হয়েছে”,11
দিয়েছেন।(,11
(ইয়ামান,11
প্রয়োজনবোধ,11
আল-মায়িদা,11
জাহিলীয়্যা,11
হুজরায়,11
হয়েছে।(আধুনিক,11
যেয়ে,11
প্রস্তরময়,11
শু‘আয়ব,11
দিয়েছ?,11
প্রতিযোগিতায়,11
হেঁচড়িয়ে,11
তাকায়,11
গলিয়ে,11
মায়া,11
চোয়ালে,10
লুওয়াই,10
সাময়িক,10
সহাবায়ে,10
(বিদায়,10
(দেয়া,10
বেড়ায়,10
ইয়াকুব,10
হাইয়্যান,10
ভিজিয়ে,10
তনয়,10
যায়)।,10
উভয়টির,10
লায়লাতুল,10
ভয়ে),10
মালায়িকাহ্‌,10
ওয়াহ্শী,10
‘আরাফায়,10
শিরায়,10
দিয়েছেন।(আধুনিক,10
শুকরিয়া,10
সানিয়্যাতুল,10
নবুয়তের,10
সত্যায়ন,10
দিহ্‌ইয়া,10
পেয়ে),10
(বায়তুল,10
’আয়িশাহ্,10
'উরওয়াহ,10
আয়ত্ব,10
আনয়ন,10
নিয়ে।,10
ধারায়,10
মায়মুন,10
ব্যবসায়ী,10
কুরায়শগণ,10
আতিথেয়তা,10
ওয়ালীমাহ্,10
প্রস্রাব-পায়খানা,10
ওয়ালাহুল,10
সাইয়াদের,10
হাওদায়,10
"চেয়েছিলাম,",10
মেয়ে।,10
ওয়ার্‌রাদ,10
ধ্বসিয়ে,10
বুশায়র,10
বর্ণিতঃবিদায়,10
পরওয়ারদিগারের,10
উকিয়ার,10
ফিত্‌নায়,10
খায়ফ,10
কিনারায়,10
ওয়ালাকা,10
পেয়েছিলাম।,10
নিয়েছিলাম।,10
বিষয়বস্তু,10
ওয়ামিন,10
বাঁচিয়ে,10
বুদায়ল,10
‘আয়িশাহ(রাঃ),10
দাঁড়িয়েছে,10
ইচ্ছানুযায়ী,10
চুলওয়ালা,10
‘আতিয়্যাহ্‌,10
মদীনায়),10
আল-মায়িদাহ,10
হাওয়ার,10
দেয়?,10
সাফা-মারওয়াহ্‌,10
হায়রে,10
(‘আয়িশাহ্,10
তলোয়ারটি,10
নয়;,10
দেয়।(আধুনিক,10
"রয়েছেন,",10
জাহিলীয়্যাত,10
খেয়েছিল,10
পেয়েছিলেন,10
নুফায়ল,10
যথাসময়,10
নিশ্চয়ই।,10
‘আয়িশাহ্‌!,9
‘ওয়ালা’র,9
মিস্ওয়াক,9
হটিয়ে,9
তালবিয়ার,9
ওয়ামিল্,9
ওয়ারাকাহ,9
ওয়ালীমাহ্‌,9
আকাবায়,9
ছাড়িয়ে,9
সঙ্গীদ্বয়,9
মায়মুনা,9
"দেয়নি,",9
কায়স!,9
হয়েছে)।,9
লাগিয়েছেন।,9
বিষয়ক,9
লিহ্ইয়ান,9
(পুনরায়,9
কায়নুকা,9
অবস্থায়ও,9
ওয়াল্ল-হু,9
মেয়েলোকের,9
রিওয়ায়াতের,9
কুরায়ব-এর,9
তাকওয়া,9
‘আইয়্যাশ,9
দুন্‌ইয়া,9
(যায়নাব,9
"অদ্বিতীয়,",9
ইয়াকূব,9
হুযায়ফাহ,9
মহল্লায়,9
ওয়াস্‌,9
বিলিয়ে,9
ঘাবড়িয়ে,9
যায়নাবের,9
জানায়।,9
খাওয়ানোর,9
"ইয়াহ্ইয়া,",9
বর্ণিতঃ‘উরওয়া,9
ওসীয়াত,9
আখ্যায়িত,9
মর্মানুযায়ী,9
আকওয়া‘,9
ওয়াহিদ,9
ইয়ামন,9
আকওয়া',9
বিষয়গুলো,9
সাফ্ওয়ান,9
মারিয়াম,9
বর্ণিতঃলায়স,9
লাগিয়েছিলেন,9
পরোয়া,9
ওয়াসীলাহ্‌,9
সেবায়,9
করিয়েছে।,9
ইয়া’কূব,9
রটিয়ে,9
বায়তুল্লাহ্র,9
হুরাইয়াহ,9
শায়বানী,9
চেয়েছিলেন।,9
খিয়ানাত,9
ফতোয়া,9
খাওয়ায়,9
খেয়েছি।,9
ইয়াতীমদের,9
ইয়ামানীদের,9
উয়ায়না,9
দিয়েছে?,9
অবস্হায়,9
যুবায়দ,9
অল্পবয়স্ক,9
উসাইয়্যাহ,9
প্রতিক্রিয়া,9
উহায়ব,9
হুলওয়ানী,9
(মদীনায়),9
কংকরময়,9
দীর্ঘায়ু,9
বলায়,9
চোয়ালের,9
টিলায়,9
নয়”,9
কুনিয়াত,9
পাঠায়,9
দু‘আয়,9
সহায়তা,9
সা‘য়ী,9
পেয়ালায়,9
"গিয়েছে,",9
ওয়াসিল,9
বুঝিয়েছেন।,9
আদায়কৃত,9
ওয়ারস,9
"হায়,",9
[আয়িশা,9
দায়ী,9
ওয়াহাব,9
বুহায়না,9
হুরায়স,9
জ্বালায়,9
ত্বওয়াফের,9
মিস্‌ওয়াক,9
খাওয়াও।,9
ঘটায়।,9
"পেয়েছে,",9
তৃতীয়টি,9
যিয়ারাত,9
মুলায়কাহ্,9
গন্ধময়,9
শোয়া,9
দাবিয়ে,9
সায়িদ,9
প্রিয়পাত্র,9
ওয়াসিয়াত,9
খোঁয়াড়ে,8
উদয়ের,8
আওয়ানাহ্,8
পরিচয়ে,8
খুতবায়,8
‘আয়িশাহ্(রাঃ)-,8
হয়েছিল),8
হয়”।,8
বুঝায়,8
ক্ষমতায়,8
বুহায়নাহ্,8
পেয়েছিলেন।,8
সুফ্ইয়ানের,8
সমবয়সী,8
ওয়াসাল্লাম!,8
যুরায়,8
ভয়-ভীতি,8
বর্ণিতঃনিশ্চয়ই,8
"গিয়েছিলেন,",8
বিনিময়েও,8
(ওয়াহী,8
শুরায়হ্,8
বেরিয়েছিল,8
সাইয়্যাদ-এর,8
দায়িত্ব।,8
ইয়াহূদীগণ,8
কায়েস,8
পাহাড়দ্বয়,8
বায়আত,8
মুহাইয়্যিসাহ্‌,8
ওয়াদী,8
লুটিয়ে,8
(কিয়ামাত,8
"হয়েছিলেন,",8
উমায়স,8
ইয়াহুদীদের,8
ঝগড়ায়,8
সফিয়্যাকে,8
আবিসিনিয়ায়,8
রয়েছি,8
বায়তুল্লাহ্‌র,8
আশ্রয়ে,8
দুয়ে,8
যায়দ-,8
সুলায়মের,8
দেয়”,8
হাদিয়া।,8
(মিনায়),8
ফুযায়ল,8
(প্রয়োজন,8
পৌঁছিয়েছেন,8
হুযায়ল,8
ওয়ান্,8
কুতায়বাহ্‌,8
গায়িকা,8
গাধায়,8
আঙ্গিনায়,8
আত্নীয়,8
ওয়ালাকাল,8
জুওয়াইরিয়া,8
নাসায়ী,8
তায়ালা,8
ও’য়াদা,8
নয়।”,8
অল্পবয়স্কা,8
জুরায়জ!,8
ঠেকিয়ে,8
বাড়িয়েছেন,8
কুরায়যা,8
গোড়ায়,8
এতদুভয়,8
হিদায়াতপ্রাপ্ত,8
পর্দায়,8
[আয়িশাহ,8
যিম্মায়,8
"দিয়েছি,",8
আত্মীয়-স্বজনের,8
কয়টি,8
“লাব্বায়কা,8
সিরিয়াবাসীদের,8
বিনয়,8
আয়লা,8
ইয়ারফা,8
'উবায়দ,8
বানিয়েছে,8
স্থায়ীভাবে,8
"নিয়েছি,",8
তলোয়ারের,8
ইয়াযিদ,8
প্রয়োজনবোধে,8
পরওয়ারদিগার!,8
কুনীয়াত,8
তৃতীয়াংশে,8
বৈপিত্রেয়,8
আয়ত্বে,8
ওয়াক্বিদ,8
মাত্রায়,8
যায়িদা,8
হস্তদ্বয়,8
‘উওয়াইমির,8
(সাওয়াব,8
হুয়াইর,8
ইয়াসির,8
সিয়াহ,8
নামায়,8
মু’আবিয়ার,8
দ্বিতীয়টি,8
উয়াইমির,8
রোমীয়,8
পরাজয়,8
জরায়ু,8
হুদাইবিয়াহ্‌র,8
(পুনরায়),8
অসিয়ত,8
পেয়েছিল।,8
কূফায়,8
সুফইয়ানের,8
"পায়জামা,",8
সময়কে,8
"যায়দ,",8
ওয়াসীয়াত,8
বসিয়েছিলেন,8
যন্ত্রণায়,8
ন্যায়ের,8
বিদায়ে,8
মক্কা্য়,8
তদনুযায়ী,8
ছেয়ে,8
আজওয়া,8
আদায়রত,8
ইয়া'লা,8
ইয়াযীদের,7
নিয়েছিল।,7
মা-য়ি,7
জুরায়জ),7
হায়যগ্রস্ত,7
প্রক্রিয়া,7
"যাকওয়ান,",7
পাহাড়দ্বয়ের,7
“হাইয়্যা,7
ঝুঁকিয়ে,7
পেচিয়ে,7
অভিপ্রায়,7
যুল-হুলাইফায়,7
নুমায়র-এর,7
(সওয়াব,7
উসায়্যা,7
এতদুভয়ের,7
"সিয়াম,",7
শায়বাহ্‌,7
ভয়ে।,7
করায়।,7
সায়ফ,7
‘উরওয়ার,7
"পাঠিয়েছিলেন,",7
(তাওয়াফ,7
লাগিয়েছিলেন।,7
ভয়ঙ্কর,7
হুরাইয়াহ্,7
(বয়স,7
(মদিনায়,7
রয়েছে”-,7
কবিতায়,7
ময়দানের,7
ওয়াহ্‌দাহু,7
‘দিয়্যাত’,7
(আয়াতে,7
চক্ষুদ্বয়,7
সীমায়,7
‘উসাইয়্যাহ,7
মেয়েটির,7
‘আলিয়াহ্,7
(দ্বিতীয়),7
ওয়াসক,7
ওয়ায়েল,7
বয়োবৃদ্ধ,7
জাতীয়ঃ,7
(আবিসিনিয়া,7
হয়েছে।”,7
ওসীয়ত,7
উভয়কেই,7
কুন্ইয়াতে,7
বর্ণিতঃমারওয়ান,7
কুয়ার,7
"হয়েছেন,",7
প্রত্যয়,7
লিখিয়ে,7
"দিয়ে,",7
সাজিয়ে,7
ক্বিয়ামে,7
জওয়ান,7
দায়িত্বশীল।,7
যুবায়র-এর,7
বরকতময়,7
দেখিয়েছেন।,7
কায়েম,7
বর্ণনায়),7
তৃতীয়াংশের,7
বিষয়টিকে,7
খেয়েছেন?,7
ভারতীয়,7
হেয়,7
দিয়েছ।,7
আত্মীয়ের,7
ওয়ারিশদের,7
আরায়্যা,7
দান-খয়রাত,7
মালায়িকার,7
মদিনা্য়,7
হাবশায়,7
দিয়েছিলেন?,7
কুড়িয়ে,7
ওয়াকী’-এর,7
পায়খানায়,7
(দিয়্যাত,7
ঘটনায়,7
পাহারায়,7
খেয়েছিলেন,7
দয়ালু”,7
পায়নি।,7
মুযদালিফায়),7
যুরায়ক,7
ওয়ারিসগণ,7
গোত্রদ্বয়ের,7
কথাবার্তায়,7
ওয়াক্‌কাস,7
উলাইয়্যার,7
হয়নি?,7
বায়রুহা,7
মু‘আবিয়াহ্‌,7
দায়-দায়িত্ব,7
এসময়,7
নয়জন,7
‘আয়িশাহ্‌র,7
ওয়াকিদ,7
যাওয়ায়,7
দিয়েও,7
নিয়্যাতের,7
বর্ণিতঃহাওয়াযিন,7
পরীক্ষায়,7
সুবায়’আ,7
ঘুমিয়েছিলাম।,7
পায়খানার,7
দেউলিয়া,7
বিষয়েই,7
কয়েকজনকে,7
ইয়াসরিব,7
সত্যায়িত,7
রক্ষায়,7
খিয়ানতকারী,7
ওয়াসিলাহ্,7
ওয়াকী’র,7
অসহনীয়,7
"চেয়েছি,",7
“সাফা-মারওয়াহ,7
শাওয়াল,7
নিয়তে,7
ইয়া‘কূব,7
যথাসময়ে,7
(মাদীনায়,7
কিয়াসের,7
নবুওয়াত,7
"লাগায়,",7
‘উয়াইমির,7
খাটিয়ে,7
সুফ্ইয়ানকে,7
হায়েয,7
(দেয়াল,7
মু'আবিয়া,7
সাফিয়্যাহ্,7
দুয়ের,7
সাময়িকভাবে,7
ধূলায়,7
পয়দা,7
কানায়,7
ওয়াবিকা,7
অস্থায়ী,7
"হয়েছে।
(ই.ফা.",7
কিয়ামাহ,7
শুনিয়েছি,7
ছায়ার,6
খাইয়ে,6
তৃতীয়াংশ?,6
সফ্ওয়ান,6
কূয়ার,6
বসিয়েছে,6
চেয়েছেন।,6
খাওয়া-দাওয়া,6
"শিখিয়েছেন,",6
দুন্ইয়া,6
জায়গীর,6
আঙ্গিণায়,6
রয়েছেঃ,6
কুফায়,6
সূর্যোদয়,6
হাদীয়া,6
ফুরিয়ে,6
পেয়েছি।এখনো,6
মায়মুনাহ্,6
কুওয়াতা,6
(সময়,6
হয়েছ?,6
শিখায়,6
‘আকাবায়,6
বাঁয়ে,6
ওয়াদ্,6
লাউয়ের,6
হয়েছে’,6
পাল্লায়,6
‘নিশ্চয়ই,6
মুকাইয়্যার,6
তাড়নায়,6
বর্ণিতঃইয়াহ্ইয়া,6
চায়?,6
"সম্প্রদায়,",6
পেয়েছেন।,6
ইয়ারহামুকাল্লাহ,6
যায়দ),6
আদায়কারীদের,6
শামিয়ানা,6
বিদায়ের,6
শয়তানেরা,6
বর্তায়,6
বাগিচায়,6
হওয়ার),6
করিয়েছিলেন।,6
(ইয়ামানের,6
আবওয়া,6
কুদায়দ,6
সময়কালে,6
আয়াত।,6
তৃতীয়বারও,6
মায়মূনাহ্-এর,6
লালায়িত,6
[আয়িশাহ্,6
হুলায়ফার,6
যুবায়র),6
ব্যয়ে,6
খায়রাম্‌,6
দিয়ো,6
(প্রায়,6
তৃষ্ণায়,6
‘আক্বাবায়,6
(‘আয়িশাহ্‌,6
শাফিয়ী,6
চেয়েছি।,6
জওয়াবে,6
যায়িদাহ,6
নুবায়হ,6
দ্বিতীয়জন,6
['আয়িশা,6
কিয়ামাহ্,6
পুণরায়,6
সভায়,6
ক্বিয়ামের,6
মুখায়ব,6
বিষয়),6
ইয়াগুস,6
ওয়ার্‌স,6
আনন্দদায়ক,6
আওয়াল,6
জুহায়ম,6
তাইয়্যাহ,6
একসময়,6
খাওয়াবে,6
পাঠায়।,6
(মাদীনায়),6
প্রাপ্তবয়স্ক,6
হুয়াইরিস,6
দেয়াও,6
চড়ায়,6
হুঁশিয়ার,6
সাথীদ্বয়,6
বর্ননায়,6
জ্যোতির্ময়,6
হাওয়ালা,6
যাক্‌ওয়ান,6
মৃত্যুশয্যায়,6
বিনিময়ে।,6
শায়বার,6
বিবেচনায়,6
(আদায়,6
পেয়েছেন?,6
স্বয়ংসম্পূর্ণ,6
খাওয়ালে,6
বানিয়েছি,6
ফুলিয়ে,6
"কোথায়,",6
ওয়াক্তে),6
“সাফা-মারওয়াহ্,6
বিষক্রিয়া,6
ধরাশায়ী,6
হয়েছে!,6
সফওয়ান,6
ছেলে-মেয়ে,6
"দিয়েছিলাম,",6
হয়েছিলো,6
জলাশয়ে,6
লড়াইয়ে,6
নামীয়,6
হুরায়রার,6
‘উলাইয়্যার,6
মুহাইয়াসা,6
পদদ্বয়,6
বানিয়েছেন,6
আরিয়্যা,6
ওয়াক্‌ফ,6
সুফ্‌ইয়ানকে,6
বাহুদ্বয়,6
(মদিনায়),6
ইয়া-ইয়া,6
সময়েই,6
প্রয়াস,6
(তৃতীয়,6
কায়সারের,6
চরিয়েছেন,6
কয়দিন,6
সায়িম,6
চিরস্থায়ী,6
জায়শ,6
ফিদইয়া,6
জানিয়েছেন।,6
চেয়েছিলাম।,6
মারিয়ামের,6
দিয়্যাত),6
বারাকাতময়,6
নিয়েছো,6
মু'আবিয়াহ,6
খুত্‌বায়,6
লিয়ান,6
করায়নি,6
শিঙ্গায়,6
"দায়িত্বশীল,",6
দুনিয়াতেই,6
‘উসাইয়্যাহ্‌,6
আক্‌ওয়া’,6
জুওয়াইরিয়াহ্,6
দেয়;,6
দ্বিধায়,6
দুই-তৃতীয়াংশ,6
হুরায়রা্(রাঃ)-কে,6
নবুওয়াতের,6
সাইয়্যিদ,6
দু’তৃতীয়াংশ,6
মেয়েটিকে,6
বুওয়াইরা,6
শাইয়িন্‌,6
দা'ওয়াত,6
সাইয়্যাদকে,6
রিদওয়ান,6
আসওয়াদকে,6
সওয়ারীকে,6
ময়দানে),6
প্রয়োজনে),6
করুণাময়,6
"দাঁড়ায়,",6
বর্ণিতঃযায়দ,6
কয়েদী,6
জরায়ুতে,6
মালায়িকাদের,6
দয়ার্দ্র,6
সওয়াল,6
আওযায়ী,6
যুহায়রের,6
ঘায়েল,6
যায়নাব),6
জাহিলীয়্যাতের,6
দায়মুক্ত,6
বাস্তবায়ন,6
দায়িত্বের,6
বিষয়কে,6
সাফীয়্যা,6
তৃতীয়াংশই,6
কৃষ্ণকায়,6
হুশিয়ার,6
বিষয়।,6
ছুঁয়ে,6
উঁচিয়ে,6
ওয়ান্‌,6
উভয়টিই,5
তদীয়,5
যিনায়,5
উনায়স!,5
বসিয়েছিলেন।,5
বর্ণিতঃ‘উরওয়াহ,5
বিজয়কালে,5
মিসওয়াকটি,5
ওয়ামিল্আ,5
ইখ্তিয়ার,5
জায়গাকে,5
পেয়ালার,5
বাইতুল্লাহ্‌য়,5
সকাল-সন্ধ্যায়,5
উপড়িয়ে,5
দিয়েছেন;,5
আইয়ূবের,5
ইয়াযীদ-এর,5
ফারওয়াহ,5
হয়েছিল-,5
নিকটাত্মীয়বর্গকে,5
দেয়াতে,5
হওয়াটা,5
"নেয়া,",5
খেলায়,5
বায়‘আতে,5
লোকালয়,5
ইখতিয়ারের,5
দিয়েছো,5
দিহ্‌য়া,5
তায়ী,5
তৃতীয়াংশও,5
আঙিনায়,5
ছয়শ’,5
যুল-ইয়াদাইন,5
ইয়ামেনবাসীদের,5
সৎকর্মপরায়ণ,5
ইয়াহ্‌ইয়ার,5
(দিয়্যাত),5
কা’বায়,5
হয়েছিল;,5
বাসায়,5
জাহিলিয়াত,5
রোমীয়দের,5
লি'আনকারীদ্বয়,5
আয়ত্তে,5
ওয়াদ্দান,5
হুরায়রা্!,5
দোয়াত,5
হয়েও,5
জামারায়ে,5
হাওয়ারী,5
সায়িদা,5
মারওয়ায়,5
নু‘আয়ম,5
উমাইয়্যার,5
‘উয়াইনাহ্‌,5
জিযিয়া,5
শিখিয়েছেন।,5
ইয়াদায়ন,5
নির্ণয়ে,5
আয়োজন,5
‘আরায়া,5
বুঝায়?,5
ওয়াবারাকাতুহু,5
ক্বায়স-এর,5
সময়টি,5
সর্ববিষয়ে,5
(দয়া,5
আয়াতাংশ,5
(তাওয়াফের,5
জোড়ায়,5
ইয়াসরিবের,5
দেয়াই,5
কয়লা,5
দাঁড়িয়েই,5
খায়।এখনো,5
তৃতীয়বারের,5
বিস্ময়ের,5
শাও্‌ওয়াল,5
রাষ্ট্রীয়,5
(যায়দ,5
ব্যবসায়ের,5
বায়িন,5
হায়াত’,5
আওয়ানার,5
আয়াত-,5
হায়িযের,5
দুনিয়াবী,5
যাওয়ার),5
হয়েছে।’,5
জিয্‌য়া,5
দেশীয়,5
মু‘আবিয়ার,5
দেয়ায়,5
কুহায়ল,5
"তৃতীয়াংশ,",5
"দায়িত্ববান,",5
ছবিওয়ালা,5
যায়িদাহ্,5
দেয়ালটি,5
ইয়াহূদী।,5
গিয়েছিলেন।এখনো,5
সিরীয়,5
৩য়,5
বিষয়াদি,5
ধর্মীয়,5
রটিয়েছে,5
আসা-যাওয়া,5
"যাওয়া,",5
অধ্যয়ন,5
লিহ্ইয়ানের,5
সাইয়াদকে,5
ফরিয়াদ,5
হেচঁড়িয়ে,5
‘উরওয়াহ্),5
[‘উরওয়াহ,5
আশ্রয়স্থল।,5
মায়মূনাহ্‌,5
ফিদ্য়া,5
সময়টা,5
['আয়িশাহ,5
হাঁটুদ্বয়,5
"খায়নি,",5
রয়েছে;,5
(হুদাইবিয়ার,5
দাঁড়িয়েছেন,5
যায়’,5
ওয়ারাকাহ্‌,5
ইয়াওমুন্নাহার,5
ইয়া’জূজ,5
হয়’,5
আওয়ালী,5
যায়দ-এর,5
ঘিয়ের,5
লায়স-এর,5
যিয়ারতে,5
গজিয়ে,5
ন্যায়বিচার,5
সায়বা,5
জানিয়েছি,5
কোঠায়,5
হয়েছ।,5
সাফা-মারওয়াহ্‌র,5
হাদিয়্যাহ্‌,5
(মুযদালিফায়),5
স্বগোত্রীয়,5
নাওয়া,5
যায়”,5
চালায়,5
নিকটাত্মীয়দের,5
’আয়িশাহ্‌,5
"হুমায়দ,",5
"নিয়েছে,",5
ঈলিয়া,5
সুরাইয়া,5
আয়াতটির,5
আয়ুষ্কাল,5
বকরীওয়ালাদের,5
বর্ণিতঃসুহায়ল,5
বাইতুল্লাহ্য়,5
(মারইয়াম,5
দোলনায়,5
হুমায়দ-,5
গায়ক,5
খিয়ারের,5
"পেয়েছিলাম,",5
বায়তের,5
ওয়াহুয়া,5
সাইয়্যাদের,5
বর্ণিতঃইয়াহ্‌ইয়া,5
বর্ণিতঃযুহায়র,5
তাক্‌ওয়া,5
(আয়াতটি,5
প্রশংসায়,5
(সিরিয়ার,5
ইউসায়র,5
সময়মত,5
কূওয়াতা,5
মারইয়ামের,5
আয়াতটিকে,5
মুঠোয়,5
(গলায়,5
খেয়েই,5
প্রয়োগকারী,5
শাও্ওয়াল,5
‘আয়িশাহ্(রাঃ)-এর,5
লিহ্‌ইয়ান,5
হুবায়শ,5
জন্মায়,5
ব্যয়ের,5
দেওয়ালে,5
উকিয়্যাহ্,5
লায়সের,5
"গিয়েছি,",5
ক্বিয়ামাহ,5
ইয়াসারের,5
ইয়া‘লা,5
দাড়িয়ে,5
ওয়াইলাকা,5
মেয়েদেরকে,5
কব্জায়,5
দাঁড়িয়ে),5
বৈমাত্রেয়,5
প্রতীক্ষায়,5
পবিত্রাবস্থায়,5
উঠায়,5
ধোঁয়ার,5
উভয়টা,5
দিয়েছিল?,5
অর্থানুযায়ী,5
বসরায়,5
মারইয়াম।,5
বায়না,5
পৌঁছিয়েছি,5
সাফিয়্যাহ্‌,5
দুশ্চিন্তায়,5
হাওয়াযিনের,5
পালায়,5
যুবায়দী,5
যায়নাবকে,5
(কিয়ামাতের,5
মুসায়্যিব,5
সুস্থাবস্থায়,5
নিদ্রাবস্থায়,5
আও্‌ওয়াম,5
অপ্রিয়,5
"দিয়েছেন।
(ই.ফা.",5
গিয়েছিল।এখনো,5
উমায়্যাহ,5
মিস্‌ওয়ার,5
সুওয়ায়দ,5
ওসিয়ত,5
দাঁড়ায়।,5
(ক্রয়,5
(আয়াতের,5
সম্প্রদায়),5
পৌঁছিয়ে,5
(উভয়ে),5
প্রয়োজন?,5
আসিয়া,5
আহওয়াল,5
মুলায়কাহ্‌,5
সদাক্বায়ি,5
আসওয়াদ),5
সঙ্গীদ্বয়ের,5
মুতাওয়াল্লী,5
জীবিতাবস্থায়,5
হাদীসদ্বয়ের,4
বদলিয়ে,4
বালাখানায়,4
পাঠিয়েছে।,4
জানিয়েছে।,4
ফাতওয়া,4
হয়নি;,4
গায়েও,4
গায্ওয়ান,4
বর্ণিতঃআইয়ূব,4
জায়গা।,4
ওয়াক্তের),4
ছায়াদান,4
পায়-,4
সুওয়ায়বা,4
সূরাদ্বয়,4
কুরায়বের,4
নাওওয়াস,4
‘উরওয়াহ),4
বায়আতে,4
চরিয়েছেন।,4
গুছিয়ে,4
(হায়য,4
(সাওয়াবের,4
বর্ণিতঃআয়িশাহ,4
দাঁড়িয়েছিলাম,4
(নিশ্চয়,4
ডানায়,4
দায়িত্ব),4
যুরায়কের,4
আহওয়াস,4
গেয়ে,4
খায়ফে,4
কুনিয়াতে,4
“ওয়ান্‌,4
ফারওয়াহ্,4
ওয়াতুবু,4
(ওয়াহী),4
রায়হান,4
যায়তুন,4
‘আয়িশাহ্‌কে,4
আয়্যাশ,4
মারওয়ানকে,4
ইয়াসারকে,4
হুদায়বিয়ায়,4
ঈর্ষাপরায়ণ,4
হয়”-,4
গায়েব,4
ওয়াদিল,4
শুরায়হ্‌,4
বানিয়েছিলে,4
উঠিয়েছে,4
জাতীয়),4
আয়িশাহর,4
সুগন্ধময়,4
বায়ুর,4
(ঘুমিয়ে,4
ঝাপিয়ে,4
হুমায়দ-এর,4
আয়তন,4
হুদায়র,4
নাজায়িয,4
"হুলায়ফাহ্,",4
ওয়াকীয,4
ঝরিয়ে,4
দায়িত্বভার,4
তায়িফের,4
"পেয়েছেন,",4
সমূদয়,4
(বুরায়দাহ্),4
‘উয়ায়নার,4
শয়তানই,4
পরাজয়ের,4
ওসীয়্যত,4
শুনিয়েছেন?,4
কাসওয়া,4
গিয়েছে?,4
ওয়াজিব।এখনো,4
জাহিলিয়াতের,4
‘উবায়দুল্লাহ্‌,4
বাঁটোয়ারা,4
দুনিয়াবাসীদের,4
ইয়ালামলাম।,4
খাটিয়ায়,4
মেয়াদকালে,4
পায়।এখনো,4
শিয়রে,4
“ওয়াল,4
"শ্রেয়,",4
হওয়া),4
জায়গাতে,4
‘উয়ায়নাহ,4
দিয়েছে।এখনো,4
শোয়ার,4
মু’আয়ত,4
বক্তৃতায়,4
খায়বরের,4
(সাজদায়,4
ছেলে-মেয়েদের,4
ওয়াত্,4
সূর্যোদয়ের,4
ক্রমান্বয়ে,4
নয়শত,4
কষ্টদায়ক।,4
ইয়াযীদ),4
প্রয়োজন।,4
খিয়ানাতকারী,4
আদায়ন্তে,4
যায়ঃ,4
সিরিয়াবাসীর,4
কুরায়যার,4
"করায়,",4
শরীয়াতের,4
গিয়েই,4
জুওয়াইরিয়াহ্‌,4
(সিরিয়ার),4
যায়।[মুসলিম,4
প্রতিরক্ষায়,4
দিয়েছিলাম?,4
পাল্টিয়ে,4
শুয়েছিলাম,4
দারোয়ানকে,4
বায়যা-এর,4
ইয়া‘মার,4
তায়েফে,4
ঘোড়সওয়ার,4
সওয়াব।,4
নু’আয়মান,4
লড়াইয়ের,4
(ন্যায়,4
মু‘আবীয়াহ,4
জায়িয।,4
কোমলতায়,4
দেখায়,4
হওয়াই,4
জাহিলীয়াতের,4
মায়াসির,4
"হয়ে,",4
হুওয়ায়রিস,4
"দিয়েছিল,",4
ইয়াহ্ইয়ার,4
ওয়াদিউল,4
"বয়স্ক,",4
হুসায়নের,4
(প্রয়োজনে),4
ওয়াসাক্ব,4
নুগায়র,4
শায়ত্বান,4
মুযায়না,4
(অন্যায়,4
হারুরিয়্যাহ্‌,4
খেয়েছিলেন।,4
‘আরওয়া,4
জয়।,4
পায়খানা),4
ভাষায়),4
তাক্বওয়া,4
আব্‌ইয়ায,4
নাও্ওয়াস,4
"বিষয়,",4
(তায়াম্মুম,4
সানিয়া,4
(পায়ের,4
বসাবস্থায়,4
ওয়াস্তে,4
যাওয়া),4
বিষয়ই,4
ইয়ামানীদের।,4
জিম্মায়,4
উমায়ের,4
আয়াতুল,4
‘আওয়ানাহ,4
অবস্তায়,4
সুফ্‌ইয়ানকে),4
হুওয়াল্ল-হু,4
সময়ের),4
হুরায়রাহ!,4
আওয়াজ।,4
ইয়াজুজ,4
ঘটিয়েছে,4
মুখাবয়ব,4
দেয়া।এখনো,4
পলায়নের,4
বিপর্যয়ের,4
পেয়েছ।,4
(‘আয়িশাহ্‌),4
বানোয়াট,4
উক্বিয়্যার,4
প্রিয়বস্তু,4
নাড়িয়ে,4
বর্গায়,4
যায়নি।এখনো,4
ব্যয়ভার,4
ওয়াক্কাস-,4
যুল-হুলায়ফাতে,4
অবয়ব,4
হুযায়ফাহ্,4
দিয়েছেন।”,4
বেড়িয়ে,4
'উমায়র,4
বিষয়েও,4
দেয়ালে),4
বয়স্কদের,4
সমপর্যায়ের,4
"নিয়েছিলেন,",4
এলাকায়),4
হওয়ায়),4
(‘উরওয়াহ্),4
‘উমায়স,4
শয়তান।,4
রয়েছে।’,4
পিপাসায়,4
লাগায়।,4
ব্যথায়,4
বুঝিয়েছেন?,4
পড়ায়,4
ফিরাসিয়াহ,4
সংশয়ে,4
"গিয়েছিলাম,",4
ওয়াসীলায়,4
(ক্বিয়ামত,4
"না।
‘আয়িশা",4
বয়ঃপ্রাপ্ত,4
ইলায়কা,4
দিয়েছেনঃ,4
বায়ান,4
হুওয়াইয়িসাহ,4
ই’য়ালা,4
খয়রাম্‌,4
ইয়াজূজ,4
হয়েছি।এখনো,4
নিয়ন্ত্রণের,4
প্রয়োগে,4
ওয়ালীদের,4
বর্ণিতঃমু’আবিয়াহ,4
[‘আয়িশাহ্,4
পাছায়,4
হয়েছো?,4
চেয়েছিল।,4
(বিষয়টি,4
খোঁয়াড়েও,4
নির্দ্বিধায়,4
হালুয়া,4
আওয়ানাহ্‌,4
খুযায়মা,4
সুহায়ব!,4
দুন্‌ইয়ার,4
হারূরিয়্যা,4
আয়াস,4
মিসওয়াকের,4
কালিমায়,4
পার্শ্বপ্রতিক্রিয়া,4
কুলায়,4
সুবায়’আহ্,4
খায়বারবাসী,4
হয়েছে।(ই.ফা.,4
সময়সীমা,4
হূরায়রাহ্‌,4
সায়িবা,4
আত্নীয়-স্বজন,4
আবায়া,4
উকীয়্যাহ্,4
যুহায়র-এর,4
‘কিয়ামাত,4
রায়াহ,4
খুওয়াইলিদ,4
সময়টুকু,4
দাঁড়িয়েছেন।,4
নিরাপত্তায়,4
যাওয়াটা,4
রাস্তায়),4
মরীচিকাময়,4
ওয়াহী।,4
ময়দার,4
আদায়কারী),4
(ইয়াহ্‌ইয়া,4
(ত্বওয়াফ,4
পর্যায়ে),4
‘উলাইয়্যাহ্‌,4
বিস্ময়বোধ,4
নি’য়ামত,4
যথাবস্থায়,4
যারওয়ান,4
ইয়াস্রিব,4
(দাঁড়িয়ে),4
"সাওয়াব,",4
‘আওয়ানার,4
ওয়াহুওয়া,4
ন্যায়’,4
(যায়নাব),4
সিজ্‌দায়,4
"লাগিয়েছে,",4
জানায়নি,4
পেরিয়ে,4
খাইয়েছেন,4
বুহায়নাহ্‌,4
খাওয়ালেন।,4
ন্যায়ানুগ,4
রুযায়ক,4
আয়াতও,4
"হয়।
রাবী",4
যুবায়র!,4
দুয়া,4
"চেয়েছিল,",4
তাক্ওয়া,4
লোকালয়ে,4
কান্নায়,4
বর্ণিতঃকায়স,4
নিয়ম।,4
শয়তানকে,4
শাফিয়ীর,4
(তাহিয়্যাতুল,4
মুয়ায্‌যিনকে,4
দয়াশীল,4
সুহায়ম,4
পায়ে),4
গ্রহণীয়,4
ইয়াহুদীরা,4
দুর্গন্ধময়,4
ফিদ্‌ইয়া,4
যুবায়ের,4
"বিনিময়ে,",4
‘আও্ওয়াম,4
নিয়েও,4
মাদায়িনে,4
মুহায়্যিসাহ,4
জানোয়ারকে,4
চরায়,4
দেয়ার),4
রিওয়ায়াতটি,4
আহ্ওয়াস,4
বায়’আতে,4
যায়;,4
ইয়ামীন,4
'উয়াইনাহ,4
নয়-,4
হুয়ায়্যী,4
ওয়ায়িলকে,4
শ্রেয়।,4
"আত্মীয়-স্বজন,",4
শানূয়াহ,4
মাহ্‌ইয়া-,4
পরিচয়ের,4
আকওয়া’র,4
‘উরওয়াহ্‌কে,4
কায়লুলা,4
পড়িয়েছেন,4
"নিয়েছ,",4
ইয়ামামাহ,4
ওয়া’দাকৃত,4
হিদায়াতকারী,4
বর্ণিতঃউভয়,4
‘উকায়ম,4
যেথায়,4
গোছায়,4
সময়ের।,4
মুয়াত্তা,4
জায়শুল,4
খুযায়ী,4
সিরিয়া),4
"আয়াত,",4
বংশীয়।,4
টাকওয়ালা,4
রটনায়,3
কামড়িয়ে,3
ঘুমিয়েছিলেন।,3
ওয়ারকা,3
"চুলওয়ালা,",3
সময়ে।,3
(নুবূওয়াত,3
ওহায়ব,3
কায়স-এর,3
(হায়িয,3
ছায়াদানকারী,3
ছোয়া,3
কুরায়শদেরকে,3
"দাঁড়িয়ে,",3
মুসাল্লায়,3
শায়ত্বানের,3
পরিচালনায়,3
বায়দায়,3
পিয়ালা,3
রওযায়,3
লিখিয়েছেন,3
আনয়নকারী,3
নবূওয়াত,3
আওয়াজটি,3
হাইয়ান,3
"দেয়ার,",3
নয়!,3
আত্মীয়রা,3
সদাক্বায়ে,3
দায়িত্বাধীন,3
যাত্রায়,3
যুমায়ল,3
ওয়ার্হাম্নী,3
সায়িবাহ,3
গিয়েছিলেন?,3
বায়‘আতের,3
নিয়্যত,3
হয়না।,3
‘আয়িশাহহ,3
“কিয়ামাতের,3
দিয়্যাতের,3
বিজয়),3
আয়িয,3
ইয়াহ্ইয়াহ,3
সাফা-মারওয়ায়,3
আরায়্যার,3
নিয়েছেন।এখনো,3
ইয়াগুসের,3
(সাময়িক,3
মায়মুনাহ্‌,3
গিয়েছি;,3
আপ্যায়নের,3
সমস্যায়,3
পিটিয়ে,3
শয়তান।এখনো,3
ওয়াসাক্বের,3
ফিদ্ইয়্যাহ্,3
বিনয়ী,3
অনুযায়ী),3
বানায়,3
যু-তুয়া,3
(দু‘আয়),3
আস্‌ওয়াদ,3
এক-তৃতীয়াংশের,3
নিন্দনীয়,3
দিয়েছি।এখনো,3
ইয়াসার-এর,3
দেয়।’,3
এক-তৃতীয়াংশই,3
পীড়ায়,3
পর্যায়ভুক্ত।,3
বিষয়সহ,3
উপায়ে,3
বেপরওয়া,3
হুফায়দ,3
ওয়াহ্ব-এর,3
"গিয়েছেন,",3
মাহ্ইয়া-,3
কিল্লায়,3
লাগিয়েছিলেন।এখনো,3
জায়গাটুকু,3
(‘উরওয়াহ্‌),3
তায়েফের,3
ওয়াসাল্লাম)এর,3
হাদিয়া।এখনো,3
সওয়ারীও,3
বিষয়টির,3
নেয়া।,3
সন্ধ্যাবেলায়,3
যায়নাব?,3
তায়ালিসাহ,3
(দয়ার,3
মেয়ে),3
জুবায়রের,3
দিয়েছিল।এখনো,3
হয়।[মুসলিম,3
উলাইয়া,3
সুলায়মানের,3
ওয়াবারাহ্,3
ওয়াহ্‌দাহূ,3
(সওয়ারী,3
বুনিয়াদ,3
(আবিসিনিয়ার,3
ওয়ানাক্কি,3
পৌঁছিয়েছেন।,3
চড়ায়।,3
সওয়াব),3
(দুনিয়ায়),3
প্রতীয়মান,3
আশ্রয়ের,3
জিযইয়াহ,3
"আইয়ুব,",3
কুবায়ব,3
যুগিয়েছে,3
প্রজ্ঞাময়।,3
আয়াতটি),3
‘লাব্বায়কা’,3
রয়েছ।,3
আত্মীয়-স্বজনদের,3
পছন্দনীয়?,3
দেওয়ালের,3
ওয়াতা‘আলা,3
আশায়।,3
সুলায়মকে,3
শুয়েছিলেন।,3
লিখিয়েছিলেন,3
বায়ান্ন,3
শত্রুতায়,3
"ওয়াক্কাস,",3
ইয়াহিয়া,3
আবায়াহ,3
"আইয়ূব,",3
সঙ্গীদ্বয়কে,3
[‘আয়েশা,3
তনয়),3
যাক্ওয়ান,3
বিষয়সমূহ,3
ফুটিয়ে,3
পৌছিয়েছেন।,3
হয়েছি;,3
চাঁদোয়া,3
এলিয়ে,3
যাওয়াকে,3
লি'আনকারীদ্বয়ের,3
(যায়দ),3
(নিয়োগকর্তা),3
মাহ্‌মিয়্যাহ্‌,3
সা’য়িদা,3
বায়তুল্লাহকে,3
মিনায়।,3
‘আমালনামায়,3
ওয়াহ্দাহু,3
পড়িয়েছেন।,3
দাঁড়িয়েছিলাম।,3
[যায়নাব,3
বর্ণিতঃউভয়ে,3
আয়লার,3
তৃতীয়াংশ।,3
নেয়।’,3
বিনিময়ের,3
সুলায়ম),3
তুলনায়।,3
জায়গাও,3
"দয়া,",3
ওয়াবারাকাতুহু’,3
নিয়েছেন),3
খুবায়ব!,3
অসিয়াত,3
দিয়েছেন-,3
আরায়ার,3
শরীয়ত,3
বেচায়,3
ওয়াক্কাসের,3
ধারণায়,3
ইয়ামামাহ্,3
‘আয়িশাকে,3
হৃদয়কে,3
বর্ণিতঃ‘আয়িশাহ,3
অনুযায়ী।,3
ওয়াক্কাস),3
বর্ণিতঃহুমায়দ,3
এক-তৃতীয়াংশ?,3
অনুসরণীয়,3
ওয়ারিসদের,3
ওয়ামিলআ,3
(দেয়ালে),3
ওয়ারস্‌,3
লায়লার,3
হুঁশিয়ার!,3
নিয়ত।,3
হুইয়াই,3
‘ওয়াল্ল-হু,3
লুওয়াই-,3
“আয়,3
ওয়াকিফী,3
নিতাকায়ন’,3
পায়?,3
যাতনায়,3
রাখায়,3
বেলায়ই,3
(‘আয়েশা),3
ক্বাসওয়ার,3
দৌঁড়িয়ে,3
সিয়ামই,3
যিয়াদের,3
সুফিয়ানকে,3
সিরিয়াবাসী),3
মদ্যপায়ীর,3
'আয়িশাহ!,3
সানা-য়ি,3
দু’সময়ে,3
রিযওয়ান,3
লিহয়ান,3
সর্বাবস্থায়,3
দায়িত্বশীল;,3
দিয়ে।এখনো,3
দিয়েছেন”,3
বায়তুল্লাহ্য়,3
কাফেলায়,3
"হয়েছিলাম,",3
আয়মানের,3
হয়েছিল।(আধুনিক,3
রোগশয্যায়,3
জুরায়জ-এর,3
হুলায়ফায়,3
পিতৃপরিচয়,3
স্থানদ্বয়ের,3
‘উয়াইনার,3
রিওয়াত,3
(বিক্রয়,3
গীর্জায়,3
ন্যায়নিষ্ঠ,3
দিহ্‌য়াকে,3
বায়আতের,3
রুকু’-সাজদায়,3
ওয়ারিসগণের,3
মেয়ে!,3
ইয়াদাইন’,3
তন্দ্রায়,3
(‘আয়িশাহ্),3
পায়াগুলো,3
(ইয়াহূদীরা),3
"চেয়েছেন,",3
হয়েছে”-,3
গোসলখানায়,3
ক্বায়িফ,3
'উরওয়াহ্,3
উভয়টিকে,3
"ওয়াহ্‌ব,",3
"ওয়ালীদ,",3
অবয়বে,3
নিরুপায়,3
রাবী‘য়া,3
বেড়ায়।,3
আরায়াকৃত,3
সূয়িল,3
প্রক্রিয়ার,3
পেয়ো,3
‘ইবাদাতখানায়,3
"বয়সে,",3
আয়াতখানা,3
বিদায়ী,3
ওয়াসিয়্যাতের,3
রুআয়বাহ্,3
পায়গাম,3
আলূওয়াহ্,3
রাওযায়ে,3
চেষ্টায়,3
(তাওয়াফের),3
সময়েও,3
হুওয়াইয়িসাহ্‌,3
কু‘আয়স,3
"দিয়েছিলে,",3
অনুগ্রহপরায়ণ,3
পরম্পরায়,3
পানীয়ই,3
বায়দার,3
দীর্ঘকায়,3
"খাওয়াও,",3
স্থায়িত্ব,3
প্রায়শ,3
এমতাবস্থায়ও,3
'উকায়ল,3
(সংকটময়),3
কামনায়,3
লুয়াই,3
বাক-বিতণ্ডায়,3
আউয়াল,3
প্রিয়জন,3
গোয়েন্দাগিরি,3
বর্ণিতঃইয়াযীদ,3
মিয়াদ,3
হয়:,3
হাবাশায়,3
(হাওয়াযিন,3
হয়েছে।[মুসলিম,3
নাবিয়্যু,3
বিজয়।,3
ফিদয়া,3
নিয়্যাতকারী,3
দুনিয়াকে,3
সোয়াদ,3
পর্যায়ের।,3
জায়িয?,3
যাকারিয়া,3
যয়নব,3
"ভাইয়ের,",3
পীড়াদায়ক,3
মহিমাময়,3
দিয়েছিলেন।(আধুনিক,3
খাওয়াতাম,3
(সওয়াবের,3
আয়েশাহ,3
ওয়ালী),3
কায়নুকার,3
কোণায়,3
এমতাবস্হায়,3
খায়ে,3
কয়েকজনের,3
তৃতীয়জন,3
কুয়ায়,3
(দিয়ে,3
হয়েছে?’,3
যায়দ!,3
সিয়ামকে,3
বর্তায়।,3
(আল-মায়িদাহ,3
বাবা-মায়ের,3
অনুযায়ীই,3
হুসায়ন-এর,3
কু’আয়সের,3
(পরিধেয়,3
সুহায়ল-এর,3
নয়)।,3
ফায়দা,3
রয়েছি।,3
রওয়াহাহ্,3
হুয়াইকে,3
নিয়েছ।,3
['আয়িশাহ্‌,3
গিয়াস,3
দিয়েছেন)।,3
মুসাইয়াব,3
পরিচায়ক।,3
মিলিয়ে),3
সিরিয়াবাসীগণ,3
দাড়িঁয়ে,3
ফিদইয়াহ্,3
(‘আয়িশাহ),3
ওয়ায়েলের,3
ওয়াস্‌ওয়াসা,3
চাওয়া।,3
অবস্থায়ই),3
গোত্রীয়রা,3
মু’আয়ক্বীব,3
মু'আবিয়াহ্,3
দিয়েছে;,3
শুনিয়েছিলেন।,3
শায়েস্তা,3
মেয়াদের,3
বেয়াড়া,3
চেয়েছেন?,3
সওয়ারির,3
‘আওয়াম,3
হায়েযে,3
ওয়াজ্‌’আল,3
কুরায়েশ,3
(শাও্‌ওয়াল,3
ন্যায়’।,3
ওয়াক্তেই,3
ওয়ালায্,3
ইয়া’কুব,3
মুসল্লায়,3
শুয়াইব,3
ওয়াসিলাহ্‌,3
ঝরায়,3
ভয়ভীতির,3
হস্তদ্বয়ে,3
লজ্জায়,3
"নিশ্চয়ই,",3
"সুলায়ম,",3
গিয়েছিলাম?,3
মদ্যপায়ীকে,3
মালিকানায়,3
যায়লায়ী,3
আদায়ের),3
দুয়ার,3
লাব্বায়কা।”,3
বর্ণিতঃরিওয়ায়াতে,3
খত্বা-ইয়া-ইয়া,3
মু’আবিয়াকে,3
ওয়াসাল্লাম)বলেছেনঃ,3
‘ইয়ায,3
‘আয়িশা),3
রয়েছে।(আধুনিক,3
ত্বিওয়া,3
দয়াময়ের,3
সকালবেলায়,3
মায়সারা,3
পেশাব-পায়খানা,3
(ক্বিয়ামতের,3
ভাইয়েরা!,3
নয়ত,3
(বায়তুল্লাহ),3
রগড়িয়ে,3
(‘উরওয়াহ),3
বাকিয়্যাহ,3
কায়সান,3
সওয়ারীটি,3
বিনিমিয়ে,3
সাইয়িদ,3
বিনয়ের,3
‘আয়র,3
(বয়সে,3
সিরিয়াবাসীরা,3
দেখিয়েছে।,3
সাওয়াব),3
তদানুযায়ী,3
যূল-ইয়াদাইন,3
রাইয়্যান,3
শুরুয়া,3
চাটায়।,3
নুসায়বা,3
"হয়েছে।
তবে",3
নেয়।(আধুনিক,3
সমবয়স্ক,3
পেয়েছি।(আধুনিক,3
জাঙ্গিয়া,3
আল-লায়স,3
বিনিময়ই,3
উমায়্যার,3
তাকওয়ার,3
‘লিয়ান’,3
"যুল-হুযায়ফাহ,",3
(তিলাওয়াতের,3
হিদায়েত,3
চয়ন,3
ছেলেমেয়েরা,3
আল্লাহ্‌য়,3
ধুয়েছেন,3
সাওয়ারীটি,3
"হয়।
(ই.ফা.",3
সহীফায়,3
মালায়িকারা,3
সহায়তাকারী,3
ইয়ামামাবাসীদের,3
উবায়র,3
ওয়াক্ত।,3
অসুবিধায়,3
গিয়েছেন?,3
হওয়াটাই,3
দুর্ভাবনায়,3
দু’য়া,3
আহ্ওয়াল,3
হৃদয়-মন,3
নিয়োগকারী,3
ছায়াতলে,3
নেওয়া,3
হয়েছিলেন।এখনো,3
(সিরিয়া),3
‘আয়িশাহ্‌(রাঃ),3
"যায়নি,",3
(ইয়াহূদীদের,3
গর্ভাবস্থায়,3
রাবি’য়া,3
খেয়েছেন।,3
জায়গাতেই,3
হারূরিয়াহ,3
যুল-হুলায়ফাহ,3
স্তন্যদায়িনী,3
আজ্‌ওয়া,3
সংশয়),3
বর্ণিতঃহুসায়ন,3
প্রয়োজনও,3
ভয়াবহ।,3
যিম্মায়।,3
আত্মীয়-স্বজনকে,3
শুয়েছিলাম।,3
মিগওয়াল,3
আঙ্গুলদ্বয়,3
‘উক্বায়লী,3
জুমু‘আয়,3
ইয়াযীদকে,3
পাঠিয়েছেন?,3
হয়।),3
"ক্বিয়াম,",3
মুকাবালায়,3
সফিয়্যার,3
"বর্ণনায়,",3
উদারাময়,3
কয়েদীদের,3
[আয়িশাহ্‌,3
পালায়।,3
ওয়াদীতে,3
জায়েয,3
সুলায়ক,3
নয়শ’,3
বিনিময়),3
ওয়ারাহূ,3
খায়সামাহ্‌,3
গণনায়,3
‘যারওয়ান’,3
দায়িত্বে।,3
মাক্কাহয়,3
সিয়াম।,3
নিয়মের,3
ওয়াসাকের,3
সিয়ামব্রত,3
‘আওয়ানাহ্,3
কু’আয়স-এর,3
ইয়ামানবাসীগণ,3
বর্ণিতঃওয়াকী,3
ইয়াহুদীকে,3
পঁচিয়ে,3
উভয়েরই,3
সফ্‌ওয়ান,3
পৌঁছায়।,3
(হৃদয়,3
রেওয়ায়াত,3
সঞ্চয়কারী,3
সাওয়াবই,3
রুবাইয়্যি,3
ফায়সালাই,3
(ইয়াহূদী),3
উটিয়ে,3
উকীয়্যাহ্‌,3
পালনীয়,3
শিংওয়ালা,3
"“হায়,",3
পলায়নপর।,3
নুইয়ে,3
পিত্রালয়ে,3
"মেয়ে,",3
খাওয়ায়।,3
দয়ালু।”,3
ইয়ামানবাসীরা,3
‘আলায়কুম,3
প্রয়োগকারীকে,3
ইয়ারমুক,3
ক্বায়স(রাঃ),3
হাজতওয়ালা,3
সুফ্‌ইয়ান-,3
কুনীয়াতের,3
ন্যায়।(আধুনিক,3
বাড়িয়েছেনঃ,3
মুতয়িম,3
ছয়দিন,3
‘আওয়ালী,3
ইয়া‘কূব-এর,3
নির্ণয়ের,3
ছায়াদার,3
দয়ালু”-,3
খাওয়াতেন।,3
মুয়াজ্জিনকে,3
দেয়-,3
পুত্রদ্বয়,3
বয়ঃকনিষ্ঠ,3
তৃতীয়টা,3
ওয়ালা-মু’তিয়া,3
আবূহুরায়রা,3
রওযায়ে,2
জানুদ্বয়,2
যায়নাব!,2
কায়লূলাহ,2
ওয়ানাক্কিহী,2
খবা-য়িস”,2
ভয়ও,2
সুফ্‌ইয়ান-এর,2
মুয়ায়ত,2
(বর্ণনায়,2
পুণ্যময়,2
ধেয়ে,2
হুনাইয়াহ,2
তাওয়াফটি,2
তারবিয়ার,2
লি’য়ান,2
যামানায়],2
অসীয়ত।,2
আল-লায়সী,2
‘আ-ফিয়াহ্”,2
শায়িত),2
ছোয়াদ,2
“এড়িয়ে,2
ওয়াসাল্লাম)বললেনঃ,2
(হায়স),2
ধুঁয়ার,2
বিষয়-,2
চিন্তায়ই,2
লাবণ্যময়,2
বন্দীখানায়,2
প্রত্যাশায়,2
গোয়েন্দাকে,2
গেঁয়ো,2
আত্মীয়বর্গ,2
হারুরিয়্যাহ্‌?,2
হাত-পায়ের,2
সায়িবাহ্,2
ইলায়ক”,2
উয়াইনাকেও,2
বিকায়ার,2
দয়ার্দ্রতা,2
পেয়ালা।,2
যুআয়ব,2
দিয়েছেন?’,2
সুপেয়,2
পাঠিয়েছে?,2
বয়সও,2
ওয়াক্কাসকে,2
লুকায়িত,2
যায়দ।,2
জেলখানায়,2
অশোভনীয়,2
সাজদাহ্য়,2
ওয়া’আলা-‘ইবা-দিল্লা,2
ওয়াহ্ব),2
হওয়াকালীন,2
['উরওয়াহ,2
সুলায়মও,2
যায়নাবকে),2
(রহ.).....‘আয়িশাহ,2
ফাইয়ের,2
(মু‘আবিয়াহ,2
সাওয়াল,2
খাওয়াবেন।,2
ইয়ামনে,2
বিক্রয়যোগ্য,2
নুগায়র?,2
নিরাময়।,2
আসিয়াহ্,2
দায়িত্ব”-,2
যামানায়),2
ওয়াদাবদ্ধ,2
শোয়ালেন,2
চেয়েছিলে?,2
চেয়ো,2
বিস্ময়করভাবে,2
দিহ্‌ইয়াতুল,2
দয়া।,2
বাইয়াত,2
হয়ে।,2
ই‘য়ালা,2
(দয়ার),2
চরিয়েছ।,2
"বসিয়েছিলেন,",2
প্রয়োজনাতিরিক্ত,2
আয়াতটি-,2
পাওয়া),2
বাড়িয়ে),2
"রয়েছে।
(ই.ফা.",2
ওয়ামিন্,2
নি‘য়ামাত,2
‘উবায়দাহ,2
মুহাইয়িসাহ,2
নেয়া),2
পৌঁছিয়েছি?,2
ওয়াসাল্লাম)-কে],2
স্থিতাবস্থায়,2
প্রিয়তর,2
হৃদয়),2
মু’আওয়ামাহ্‌,2
রিওয়ায়ত,2
"নয়।
আমি",2
ন্যয়,2
সম্প্রদায়গুলোর,2
রয়েছে।”,2
হুলায়ফাহ্‌,2
(ঘুমিয়ে),2
অবস্থায়”,2
(ক্বিয়ামাতে),2
(সাময়িকভাবে),2
মাদীনায়।,2
দারাওয়ার্দী,2
বর্ণিতঃইয়াহূদীরা,2
দু’চোয়ালের,2
বর্ণিতঃকুরায়শরা,2
‘বায়দা’,2
'উবায়দুল্লাহ,2
‘আদাবিয়্যাহ,2
হাইয়্যানের,2
ইয়াহূদীও,2
"হুশায়ম,",2
শেয়ালের,2
ক্রয়কৃত,2
সাফ্‌ওয়ান,2
রাজকীয়,2
"‘আয়িশা,",2
মালায়িকাহ্‌),2
তায়মা,2
ওয়ারিসরা,2
ক্বাস্‌ওয়া,2
ওয়াক্‌ফে,2
তাক্বওয়ার,2
তনয়া,2
(দায়িত্ব,2
খেয়েছে।,2
বর্ণিতঃমদিনায়,2
‘উমায়র!,2
পিঁয়াজের,2
কয়েকদিনের,2
দান-খায়রাত,2
বুঝিয়েছেন।এখনো,2
দয়ালু-,2
বগলদ্বয়ের,2
খতা-ইয়া-,2
‘‘নিশ্চয়,2
ভয়ংকর,2
পায়খানাগুলো,2
হয়’-,2
কুরাশিয়াহ,2
"বয়োজ্যেষ্ঠকে,",2
ভাইয়ের),2
বর্ণিতঃমারওয়ানের,2
দাঁড়িয়েছি।,2
বেদনাদায়ক,2
বর্ণিতঃতাওয়াফে,2
ছয়জনের,2
দ্বিতীয়বারও,2
আসাদিয়্যাহ্,2
(জাহিলিয়্যাত,2
তাওয়াক্কুল,2
মায়মুনাহ্‌-এর,2
খ্বাতা-ইয়া-,2
অনুনয়-বিনয়ের,2
কয়লার,2
ওয়াদা’,2
শামিয়্যাহ্,2
উওয়াইমিরকে,2
পিত্রালয়ে),2
(নুবূওয়াতের,2
‘'আয়িশাহ্‌,2
অবস্থায়)।,2
খায়ল,2
ধসিয়ে,2
চেয়ে),2
হুওয়াইসাহ,2
যুবায়ব,2
ইবাদতখানায়,2
চেয়েছিলেন।এখনো,2
‘উইয়াইনাহ,2
চোখওয়ালা,2
মালায়িকাকে,2
তানয়ীম,2
"যে,‘আয়িশা",2
জ্বালিয়েছ?,2
আবহাওয়ার,2
ধারনায়,2
মুয়াযযিনকে,2
দিয়েছি।”,2
নু’আয়মানের,2
সামলিয়ে,2
নিয়ম-নীতি,2
ফারায়িয,2
সন্ধিনামায়,2
ভয়।,2
দীয়াত,2
সময়ে)।,2
(সিয়াম,2
"জন্মায়,",2
আইয়্যাশকে,2
উভয়টাই,2
কাস্‌ওয়া,2
মালাকদ্বয়,2
"করতেনঃ“হায়,",2
ন্যায়)।,2
(রাযিয়াল্লাহু,2
পাথরময়,2
সময়।এখনো,2
বেলায়ও,2
[ইয়াহ্ইয়া,2
“ক্বিয়ামাত,2
বাল্যাবস্থায়,2
(খাওয়া),2
বেরিয়েছে।,2
ওয়াককাস,2
দিয়েছে।’,2
"দায়মুক্ত,",2
লুতাবিয়্যা,2
মুতওয়াল্লী,2
গিয়েছ?,2
নড়াচড়ায়।এখনো,2
ত্বওয়াফই,2
ওয়ায়িলের,2
ওয়ারিশের,2
আয়াতকে,2
চুলায়,2
('আয়িশা),2
রাব্বিয়াল,2
ওয়াক্কাস।,2
করিয়েছিলেন?,2
সম্প্রদায়ের),2
গাযওয়ান,2
‘উবায়দ-এর,2
হয়েছে)।(আধুনিক,2
তৃতীয়টার,2
'উমায়রকে,2
রুওয়ায়ছা’র,2
(ভয়ের,2
বর্ণিতঃসুফইয়ান,2
"ঘটিয়েছি,",2
খায়বারবাসীদের,2
প্রয়োজনবশত,2
(ধুয়া),2
"নিয়ে,",2
হয়েছে”।,2
রোগাবস্থায়,2
খেয়ানত,2
হুরায়রা্‌র,2
ওয়া’লাহ্‌,2
ওয়ালা-কুও্‌ওয়াতা,2
আশ্রয়দান,2
আইয়্যুহান,2
‘উলয়া,2
মুঠায়,2
খায়ের,2
হয়েছিলেন-,2
করায়ত্ব,2
রেখায়,2
নাজওয়া,2
হুয়ায়্যী।,2
শেরওয়ানী,2
সুহায়েল,2
ময়লা-আবর্জনা,2
হুরায়রা্‌(রাঃ),2
হুরায়য়া,2
(বিষয়),2
তৃতীয়।এখনো,2
সাইয়াদকে),2
‘নিতাকায়ন’,2
"না।
হুমায়দ",2
(বায়ু,2
যায়-,2
‘দুনিয়ার,2
যয়নাব,2
নিয়ন্ত্রক।,2
“বিদায়,2
হয়েছিলো।,2
আম্বিয়া-এ-কিরামের,2
হুসায়ন।,2
আত্মীয়গণকে,2
ধূলোয়,2
ওয়াবারাহ্‌,2
অত্যাবশ্যকীয়,2
(গায়ে,2
বাড়িয়েছেন।,2
সয়,2
উমাইয়াহ!,2
খাওয়াও।এখনো,2
নিয়ে?,2
দিয়ে।(আধুনিক,2
সহায়ক,2
দিয়েছো?,2
"নিয়েছিলাম,",2
উমাইয়াহ্‌কে,2
যায়িদইব্‌ন,2
'উয়াইনাহ্‌,2
বিষয়সমূহে,2
(সাফা-মারওয়ার,2
যুহায়ফা,2
বুওয়াইরাহ,2
বর্ণিতঃমু‘আবিয়াহ,2
মিস্ওয়াকটি,2
কেনানায়,2
"বেরিয়েছেন,",2
খাটিয়ার,2
বদলায়,2
বৈষয়িক,2
অপচয়,2
‘উয়ায়নাহ্,2
হয়নি”-,2
শাইয়্যিন,2
নয়।ইয়া,2
‘হায়স’,2
আকওয়া’!,2
‘হায়াত’,2
ঘোড়সওয়ারের,2
হুয়াঈ,2
দিহইয়া,2
হুশিয়ার!,2
রিয়ায়া,2
হুদাইবিয়ায়,2
হেলিয়ে,2
ক্বায়স),2
আইয়্যামে,2
দুনিয়াও,2
ইয়াযানী,2
দাঁড়িয়েছে।,2
আব্‌ইয়াযু,2
উপায়ান্তর,2
"শু’আয়ব,",2
আবর্জনায়,2
যায়েদের,2
সঞ্চয়ের,2
কাটিয়েছিলাম।,2
শীর্ণকায়,2
নিরাময়ের,2
(ওয়াল,2
জাওয়ান,2
হয়নি।(১),2
আম্বিয়ায়ে,2
শুরুয়ায়,2
নেয়-,2
আয়াতটুকু,2
"ভয়ে,",2
অভিপ্রায়ে,2
শুনিয়েছেন।এখনো,2
ইয়াহুদিনী,2
ছিনতাইয়ের,2
‘ইয়ালামলাম’,2
(ক্ষমতায়,2
উসায়র-এর,2
‘উবায়দুল্লাহ্‌র,2
সুলামিয়্যাহ্,2
ত্বরায়,2
‘উভয়,2
দু’ওয়াক্ত,2
[ইয়াকুব,2
টপকিয়ে,2
"পছন্দনীয়,",2
তাইয়্যিবা-তু,2
(হুমায়দ,2
রোগ-যাতনায়,2
মুয়াল্লা,2
দূষনীয়,2
ইয়ামীনী,2
বৃহদাকায়,2
শোচনীয়,2
ওয়াসাল্লাম)–এর,2
ঘটনায়),2
ফায়দাহ,2
মিয়াদে,2
‘শয়তান,2
"শায়িত,",2
হাদিয়্যাহ্।”,2
তিলাওয়াতকারী,2
যিম্মায়।এখনো,2
হুরায়রা(,2
জায়িয।এখনো,2
‘উকিয়া’,2
জায়গাটিতে,2
মাক্কাহ্য়,2
ওয়াসওয়াসা,2
ওয়াফাতের,2
"পরাজয়,",2
রুবায়’ই,2
‘ওয়ামা,2
যায়নাব।,2
সাইয়্যাদই,2
আইয়ূব-এর,2
শোনায়,2
জানায়িয,2
"কায়সার,",2
বুদায়লের,2
লাগিয়েছি।,2
খিয়ানাতকারীরূপে,2
"হওয়া],",2
"মুসায়্যিব,",2
(সিরিয়াবাসী),2
হয়নি।”,2
ওয়াস্ক,2
(খাওয়ার,2
আইয়ুহাল,2
জুওয়ায়রিয়া,2
বর্ণনানুযায়ী,2
বাড়িয়েও,2
পাঠীয়ে,2
আয়াত?,2
দয়ালূ,2
মাদিনাহ্‌য়,2
মেয়েদেরকেও,2
বর্ণিতঃইয়ারমুক,2
প্রায়।,2
দুলিয়ে,2
দাঁড়িয়েছিল।,2
মোতায়েন,2
’উবায়দুল্লাহ,2
আয়াতাংশের,2
‘আয়িশাহর,2
দায়িত্ব।”,2
(বিনিময়ে,2
উমাইয়াহ্‌র,2
আইয়ুব!,2
ছায়াযুক্ত,2
সাবায়ী,2
দিয়েছেনএখনো,2
খাওয়াই,2
নমনীয়,2
যিয়ারতর,2
"লায়স,",2
নয়।(আধুনিক,2
গোপনীয়তা,2
জুরায়রী,2
শায়তান,2
আঁকড়িয়ে,2
উসিলায়,2
(হাদিয়া,2
পরিভাষায়,2
নয়৷,2
হওয়া।’এখনো,2
বায়’আতের,2
সফ্‌ওয়ান!,2
"হয়ত,",2
তত্ত্বাবধায়ক।,2
ডানে-বায়ে,2
সুলায়ম-এর,2
যায়য়্যাত,2
আল-মায়িদাহ্,2
(পাওয়া,2
প্রায়শ্চিত্ত,2
দেয়ালটির,2
ওয়ার্যুক্নী।”,2
ইয়াসাফ,2
'উরওয়াহ্‌,2
জিয্‌য়াহ,2
যিয়ারাহ্,2
রয়েছে।আবূ,2
ফয়সালার,2
তুওয়াইত,2
ইয়ান্‌ফা‘উ,2
(উমাইয়্যা,2
অশ্লীলতায়,2
খাওয়াও।(আধুনিক,2
ওয়ারাকাকে,2
চোয়ালটা,2
আকর্ষণীয়।,2
সময়কেও,2
সায়াদ,2
ব্যবসায়-বাণিজ্যে,2
গামলায়,2
হুজরায়),2
ওয়াকেবহাল।,2
বয়োঃপ্রাপ্ত,2
ওয়ারিসের,2
"রাস্তায়,",2
আলাপচারিতায়,2
ইয়াইতা,2
"পানীয়,",2
"বেরিয়েছিল,",2
নিয়মই,2
গোমায়ম,2
পাওয়া।,2
"ইয়াসার,",2
বালুকাময়,2
"আদায়ের,",2
দেয়া।(আধুনিক,2
এখতিয়ার,2
আছিয়া,2
বিজয়লাভ,2
(ময়দান,2
বালিকাদ্বয়কে,2
ওয়াজহী,2
আয়ির,2
"যুল-হুলায়ফা,",2
উড়িয়ো,2
"লিহ্‌ইয়ান,",2
টাকওয়ালার,2
খাওয়ানোতে,2
আজওয়াহ,2
‘আবায়াহ্‌,2
ওয়ায-নাসীহাত,2
"ইয়ামানীদের,",2
চিলেকোঠায়,2
(আয়াত),2
সায়ফ্‌,2
আহওয়ায,2
সংশয়ের,2
থাকায়),2
নিয়েছিলেন।এখনো,2
গ-শিয়াহ্‌”,2
শান্তিময়,2
হুযায়ফাহ্‌,2
যাওয়া-আসা,2
বর্ণিতঃকতিপয়,2
(বিষয়টি),2
দিয়েছি?”,2
(শাও্‌ওয়ালের,2
খাওয়ার),2
আদায়যোগ্য,2
চেয়ার,2
চেয়েছিলাম;,2
আইয়াশ,2
হ্যাঁকিয়ে,2
পয়গম্বর,2
(দুনিয়ার,2
নয়’,2
(হালুয়া),2
পিটিয়েছে,2
(উভয়েই,2
"‘উরওয়াহ,",2
"কথায়,",2
কলেরায়,2
খতিয়ে,2
ফুঁপিয়ে,2
(‘আমালনামায়),2
‘উশায়র।,2
রেওয়ায়ত,2
নায়িলাহ্।,2
(বায়‘আত,2
দিহ্‌ইয়াকে,2
ঠোঁটদ্বয়,2
সফীয়্যাহ্‌র,2
মহীয়ান,2
ইস্তিঞ্জায়,2
"হয়।
‘আয়িশা",2
ঘোড়-সওয়ার,2
ঢেউয়ে,2
(মিসওয়ার,2
ওয়াজ্‘আলনী,2
"হয়েছ,",2
কায়িফ,2
তৃতীয়তঃ,2
গোত্রীয়।,2
“ওয়াল্‌,2
জানিয়েছিলেন,2
আও্ওয়ালু,2
আত্মীয়কে,2
দাঁড়িয়েছিলেন।এখনো,2
শুইয়ে,2
ইয়ালীল,2
ইয়া’জূজ-মা’জূজ,2
দ্বিতীয়টা,2
“ওয়াহী,2
ফিত্নায়,2
নির্দেশানুযায়ী,2
খুযায়ীকে,2
সম্মানীয়।,2
"চেয়ে,",2
সস্তায়,2
দু’নয়ন,2
শাফায়াতের,2
রায়?,2
সাইয়্যিআহা-,2
(প্রস্রাব-পায়খানা),2
"এক-তৃতীয়াংশ,",2
রয়েছ?,2
দ্বিতীয়তঃ,2
হৃদয়।,2
"মারইয়াম,",2
অতিথিপরায়ণ,2
‘উকায়ল-এর,2
আনসারীয়া,2
সাজদাহ্‌য়,2
গিয়েছিলাম।এখনো,2
ভাগ-বাঁটোয়ারা,2
আহ্ইয়া-,2
প্রয়োজনাদি,2
বানিয়েছেন।,2
পায়ের),2
সর্বাবস্থায়ই,2
ওয়াহ্দিনী,2
অতিমাত্রায়,2
(‘আয়িশা),2
মুনাওয়ারা,2
উকিয়্যার,2
ওয়া‘দাবদ্ধ,2
(বিদায়),2
জুবায়ের,2
(ইয়াহুদীকে,2
(বয়স),2
‘ফায়’,2
সময়কার।,2
সায়ীদ,2
প্রস্রাব-পায়খানার,2
রয়েছেন।এখনো,2
শিখায়।,2
[মিসওয়ার,2
"চরায়,",2
ওয়াগ্‌সিল্‌হু,2
রাগিয়ে,2
নক্‌শাওয়ালা,2
মুহায়রিয,2
পাড়িয়ে,2
নিংড়িয়ে,2
গায়িকা।,2
ওয়ার্‌হাম্‌হু,2
কিয়দংশে।,2
(তায়িফ,2
সওয়াব।এখনো,2
যন্ত্রনাদায়ক,2
[যায়দ,2
‘ওয়াদিল,2
সময়ও।এখনো,2
(ধোয়া,2
শাখায়,2
কস্তুরীওয়ালা,2
ফারায়েয,2
দীর্ঘস্থায়ী,2
"পেয়েছিল,",2
‘জায়শুল,2
গিয়েছিল।(আধুনিক,2
অসীয়্যাত,2
‘ফাতাওয়া,2
বর্ণিতঃযুবায়র,2
হেদায়েত,2
আয়মানকে,2
"পেয়েছ,",2
“ফিদ্ইয়াহ্,2
মুতাওয়াক্কিল,2
ওয়ালীদ),2
"করেছেন।
ইয়াহ্ইয়া",2
"মুসাইয়্যাব,",2
পাঠিয়েছি।,2
হাইওয়াহ্,2
ভাগিয়ে,2
আকওয়া।,2
শয়নকালে,2
আসলামিয়্যা,2
তাকায়।,2
দেয়াটা,2
রাওয়াদ,2
দিয়েছি)।,2
গলায়),2
(সবচেয়ে,2
অপেক্ষায়ই,2
দুখায়শিন,2
(বানিয়ে,2
আওতায়,2
হাফয়া,2
"বুঝিয়েছেন,",2
লাহ্‌ইয়ান,2
ফায়সালার,2
ঝুলিয়েছি।,2
"শু‘আয়ব,",2
শুমায়ল,2
(ইয়াযীদ),2
হারূরিয়াহ্,2
(কিয়ামাতের),2
বাড়িয়েছেন-,2
গেরুয়া,2
ভয়াবহতা,2
উলাইয়াহ,2
বর্ণিতঃওয়াকী’,2
"ঘটায়।
(ই.ফা.",2
হাঁটুদ্বয়ের,2
(যথাবস্থায়),2
উমাইয়ার,2
উমাইয়াকে,2
"খাওয়া,",2
'আয়েশা,2
ভূয়সী,2
‘হাওয়াযিন,2
বর্ণিতঃমাক্কায়,2
“যাবতীয়,2
স্থুলকায়,2
তনয়!,2
তলায়।,2
সৎকর্মপরায়ণা,2
প্রশান্তিদায়ক,2
চিবায়।,2
ওয়া‘আ-ফিনী,2
ধোঁয়ার,2
তুলনায়ও,2
ত্বিওয়ায়,2
প্রচন্ডতায়,2
মাইয়্যিত,2
বুঝিয়েছিলেন।,2
মিশিয়ে),2
হইয়ে,2
মদ্যপায়ীদের,2
হুওয়াইয়াসা,2
কামরায়,2
সহযোগিতায়,2
ওয়াসীলাহ্‌য়,2
নিয়্যতে,2
জায়নামায,2
দেখিয়েছি,2
"প্রায়,",2
‘মুকাইয়্যার’,2
বিয়েও,2
ঊকীয়্যাহ্‌,2
ঘুমায়।,2
দুনিয়াটা,2
হুনায়ী,2
"ঝুলিয়েছে,",2
শায়ত্বনরা,2
"হাওয়াযিন,",2
খাওয়াকে,2
ক্বায়সকে,2
‘উরওয়াহ্‌!,2
সত্যাশ্রয়ী,2
উসাইয়িদী,2
ঝরণায়,2
ইয়ারফা’,2
হওয়া;,2
সুফয়ান,2
বর্ণিতঃইয়াহূদীগণ,2
সায়িব!,2
"জানায়,",2
(দিয়াত,2
(উভয়ের,2
শরীয়তের,2
(আয়াতটি),2
উঠায়।,2
জাতীয়।,2
তাইয়ী,2
‘হায়!,2
"হয়েছে।
ইবনু",2
দিহয়াহ্,2
উঠিয়েছেন,2
বাজিয়ে,2
চলায়,2
ইয়ানফা‘উ,2
কিয়দংশে),2
মুয়ায্‌যিনের,2
‘উওয়াইস’,2
দুধওয়ালা,2
সওয়ারিতে,2
তায়ীফ,2
‘ক্বিয়ামাত,2
মুযায়নাহ্,2
লুওয়াইকে,2
দাওয়াতে,2
বসিয়েছে?,2
কয়েকজনসহ,2
আশায়’,2
যুররিয়্যাতিহি,2
আদায়ে),2
মক্কাহ্‌য়,2
তোয়াক্কা,2
সুকয়া,2
[আয়েশা,2
প্রয়াসও,2
হুসায়ব,2
(দুনিয়াতে),2
পাতায়,2
নাজিয়াহ্,2
"চেয়েছিলেন,",2
প্রিয়জন।,2
মুঠোয়।,2
"অবস্থায়,",2
হয়েছিল’।,2
ফুদায়ক,2
হয়েছে-“,2
দয়াবশত,2
(ক্ষুধায়,2
হয়নি),2
সমন্বয়,2
সঙ্কটময়,2
খুবায়বকে,2
"আত্মীয়,",2
মালায়িকারাও,2
বাড়ায়,2
নিকটাত্মীয়কে,2
বর্ণিতঃউরওয়াহ,2
মু‘আবিয়ায়,2
নিয়ম-কানুন,2
উদয়স্থল,2
"পৌঁছিয়েছেন,",2
[সফিয়্যাহ,2
সুফিয়ানও,2
মালায়িকাহ্‌ও,2
সুহায়ল(রহঃ),2
ইয়াওমুন্নাহারের,2
পরায়।,2
ইয়াওমূল,2
‘ওয়াইলাকা’,2
ভূমিকায়,2
ও’য়াদাবদ্ধ,2
কা‘বায়ে,2
প্রয়োজনই,2
সম্বন্ধীয়,2
সরিয়ে),2
(গোপনীয়,2
বর্ণিতঃ‘আরওয়া’,2
নুফায়র,2
ফিদ্দুন্ইয়া-,2
প্রিয়পাত্র।,2
রুবাইয়ি’,2
ত্বওয়াফুল,2
মুন্‌ইয়া,2
"নিয়ম,",2
"শুয়েছিলেন,",2
দুন্ইয়ার,2
উকিয়্যাহ্‌,2
ডগায়,2
"মুসাইয়্যিব,",2
বয়োঃবৃদ্ধ,2
চেয়ে।,2
ই‘য়াকূব,2
দেয়েছেন।,2
কুলায়ব,2
আ’ত্বয়তা,2
কুরায়শী,2
রাবী‘য়াহ,2
দয়ার্দ্র।,2
সম্প্রদায়।এখনো,2
আটকিয়েছেন,2
দুগ্ধদায়িনী,2
বুঝায়।,2
লুত্বিয়্যাহ্,2
“উভয়,2
নিয়ন্তা,2
(দণ্ডায়মান,2
সেবাপরায়ণ।,2
হারিয়েছ?,2
যী-তুয়া,2
রিওয়াতে,2
আক্‌ওয়া‘,2
সুরায়জ,2
"সওয়ারীতে,",2
অঙ্গুলিদ্বয়,2
‘কাসওয়া,2
‘‘আয়িশা,2
ধুঁয়ায়,2
নিকটাত্মীয়ও,2
"নয়।
বর্ণনাকারী",2
শয়তানরা,2
"নাসায়ী,",2
শয়তানী,2
আরীহায়,2
বুরায়দাহ্‌,2
উওয়ায়স,2
"রাবি’য়াহ,",2
উরওইয়াহ,2
[মু‘আবিয়াহ,2
পেয়ালাটা,2
অনায়াসে,2
দুরায়দ,2
পশ্চাদ-বায়ু,2
শু’আয়বের,2
ডিঙ্গিয়ে,2
(শায়িত,2
হুদায়বিয়াতে,2
বেরিয়েছিলেন।,2
ছোঁয়া,2
(দা’ওয়াতে,2
মাসায়িল,2
বাঞ্ছনীয়,2
(ইয়ামনী,2
‘উকায়লের,2
যুবায়র।,2
সায়েব,2
নেয়াই,2
উথলিয়ে,2
হাফ্‌য়া,2
‘উবায়দুল্লাহর,2
হুদাইবিয়াহ্য়,2
যমানায়,2
(উভয়ই,2
"করবে।
‘আয়িশা",2
নু'আয়ম,2
লিখিয়েছেন।,2
(বায়’আতে,2
সুফ্‌ইয়ান),2
নয়?”,2
‘আরায়াকৃত,2
কায়লুলাহ,2
সম্প্রদায়ই,2
বর্ণিতঃহুনায়নের,2
প্রজ্ঞাময়”-(সূরাহ,2
নিশ্চয়তা,2
আয্‌হায়,2
ব্যবস্থাপনায়,2
কিয়াসকে,2
আহ্‌ওয়াস-এর,2
রটিয়েছে।,2
গিয়েছেন;,2
মাহইয়ায়া,2
রয়েছেন?,2
আয্ওয়াজিহি,2
হাওয়াযেনের,2
দিয়েছিলে?,2
জুব্বায়,2
হওয়াকেই,2
ওয়ারদান,2
দিয়েছি-,2
(উমাইয়াহ্‌,2
লাব্বায়কা!,2
আস্ওয়াদ,2
বয়োকনিষ্ঠ,2
কুরায়বকে,2
[সাফিয়্যাহ,2
আয়াতে),2
ওয়াকিনা-,2
মুণ্ডিয়ে,2
‘গোত্রীয়,2
(ক্রয়-বিক্রয়,2
দু'-তৃতীয়াংশ,2
যায়তুনে,2
দুর্দশায়,2
জয়নব,2
ইয়ালামলামকে,2
নদী-নালায়,2
পাঁচড়ায়,2
দিয়েছিলেন-,2
ওয়াফিল,2
সময়”,2
(নিশ্চয়ই,2
হায়সাম,2
বর্ণনাকারীদ্বয়,2
"লাগিয়েছি,",2
পূর্ণবয়স্ক,2
(সময়),2
দয়াদ্র,2
কিনানায়,2
নি'য়ামত,2
আকর্ষণীয়া,2
হুওয়াইয়্যিসাহ,2
রয়েছে”-(সূরাহ,2
উমাইয়্যাহ্),2
"হাদিয়া,",2
বয়সের।,2
ওয়ালীমাহ্‌।,2
নেয়নি,2
পেয়ালাতে,2
প্রশংসনীয়,2
ওয়াবা-রিক,2
সুফ্য়ান,2
আয়াতই,2
ভালবাসায়,2
বায়নাহুমা,2
হয়েছেন?,2
বিষয়ে।,2
নীচতলায়,2
টুকরায়,2
যোয়া-ল্লীন’,2
যাকারীয়্যা,2
বায়তুল্লার,2
(সওয়াব),2
দাওয়াত),2
ওয়ায়িল-এর,2
বিঁধিয়ে,2
কায়স),2
চেয়েছ।,2
রাওয়াহার,2
ওয়ালা),2
হুদাইবিয়াহ্‌তে,2
ওসিয়াত,2
(এমতাবস্থায়,2
মেয়ে।এখনো,2
ইয়ালামলাম্,2
মিশিয়েছ?,2
সানিয়াতুল,2
করণীয়।,2
রাবীয়া,2
আশ্রয়প্রাপ্ত,2
পেয়েছে?,2
(ক্রয়ের,2
ইয়ামানবাসী!,2
মারইয়ামকে,2
ইয়াহূদিকে,2
"না।
যুহায়র",2
তালবিয়্যাহ,2
"আয়ুষ্কাল,",2
ওয়াসাল্লাম],2
যূ-তুওয়া,2
হয়নি।(আধুনিক,2
খুলাফায়ে,2
জায়গায়।,2
সফিয়্যাহ্‌সহ,2
রেওয়াজ,2
[যুবায়র,2
ঘটায়।’এখনো,2
ঘুমিয়েই,2
আরবীয়,2
আয়িশাহ্কে,2
সাওয়ারীকে,2
সা’য়িদা।,2
ওয়াস্‌সি’,2
স্নায়ুতন্ত্রী,2
(হায়সের,2
শয়তানদের,2
নিয়ামাত,2
আরাইয়া,2
শয়তানটি,2
সাইয়্যিদুল,2
হাইয়াহ,2
লাগিয়েছেন।(আধুনিক,2
দাঁতওয়ালা,2
পোহায়,2
যাতায়াতের,2
গোপনীয়।,2
মুসাইয়্যাব),2
হুরায়রা),2
গুনিয়াতুত,2
হয়েছেন’।,2
জায়গায়ই,2
আক্ওয়া‘,2
"যুহায়র,",2
“বায়রাহা”,2
প্রিয়-,2
থালায়,2
ইয়াজূজ-,2
আওয়াযী,2
যায়......,2
দাহইয়া,2
উভয়পক্ষ,2
“আত্তাহিয়্যাতু,2
আওয়াম),2
দ্বিতীয়টির,2
দেয়”।,2
নিয়ামতের,2
কাফিলায়,2
বানিয়েছিলেন,2
‘হয়,2
হুওয়ায়্যিসাহ,2
বাসরায়,2
"সুফিয়ান,",2
"কাটিয়েছেন,",2
আবিসিনীয়,2
নলায়,2
(অন্যায়ভাবে),2
হয়েছিলাম?,2
বয়ষ্ক,2
তাওয়াফও,2
দুয়ারে,2
শুরায়াহ্,2
পাঁঠিয়ে,2
মাচায়,2
"আদায়,",2
ওয়াশ্‌,2
‘পায়ের,2
মানিয়েছে।,2
নেয়ার),2
ব্যবসায়ে),2
নয়তো,2
সলাওয়া-তু,2
সংখ্যায়),2
উনায়ক,2
বানোয়াটকারীদের,2
প্রয়োজন,2
যথাসময়ের,2
"বলেন,'আয়িশা",2
‘লায়লাতুল,2
ওয়াক্কাস-এর,2
মোলায়েম,2
তুওয়া’,2
হানাফিয়্যা,2
দায়িত্বমুক্ত,2
বুঝিয়েছেন।(আধুনিক,2
“দিয়্যাত”,2
উকীয়া,2
মূল্যায়ন,2
হওয়া।”,2
আবশ্যকীয়,2
হওয়া।এখনো,2
উটশালায়,2
ইয়া‘জূজ,2
শিখিয়েছিলেন,2
বিজয়?,2
বর্ণিতঃইয়াহইয়া,2
ওয়াসাল্লাম-এর),2
লুওয়াই-এর,2
রুবায়্যি,2
ওয়াকূফ,2
স্হানীয়,2
অসীলায়,2
শুয়েছিল।,2
বিষয়টা,2
অতুলনীয়,2
সহায়;,2
হাওয়াবী,2
ইলায়হি,2
আইয়ুর,2
নিয়মেই,2
‘আয়িয,2
"কল্যাণময়,",2
ইয়াহয়া,2
দেখিয়েছেন।(আধুনিক,2
‘আলূওয়াহ্’,2
"বিজয়,",2
জারিয়াহ,2
(ওয়াহ্ব,2
কসাইয়ের,2
মায়মূনাকে,2
ভাড়ায়,2
কৈফিয়ত,2
(‘উবায়দুল্লাহ),2
শব্দদ্বয়ের,2
চক্ষুদ্বয়ের,2
অন্যায়কে,2
দফায়,2
(মুয়ায্‌যিন),2
হুদায়বিয়াহ্,2
নেশাজাতীয়,2
"খাওয়াতাম,",2
দাঁড়িয়ে।,2
ধোঁয়া।,2
"হুশিয়ার,",2
কালেমায়ে,2
[বুরায়দাহ্,2
পাঠিয়েছিলাম,2
ওয়ারহমাতুল্লাহ্‌,2
হাঁপিয়ে,2
কায়স্,2
জুমু'আহ্‌য়,2
(আম্বিয়াঃ,2
ভয়-ভীতির,2
সম্প্রদায়কে),2
সংশয়-সন্দেহ,2
প্রয়োগের,2
সময়?,2
চেয়েছিলেন-,2
পঁয়তাল্লিশ,2
বর্ণিতঃহুযায়ফা,2
লিহ্‌য়ান,2
নুবায়শাহ্,2
রটিয়েছিল।,2
হিদায়াতও,2
(বিদায়ী,2
নিয়েছিলেন),2
ময়লা।,2
নিশ্চয়ই।’,2
[আইয়ূব,2
ইয়াহূদদের,2
মায়মূনের,2
সফীয়্যাহ!,2
নিয়েছেন-,2
হওয়াতে,2
ত্বওয়াফকে,2
তিলাওয়াতকে,2
সুর্যোদয়,2
দণ্ডায়মান।,2
বর্ণিতঃসুফ্ইয়ান,2
ত্বায়িফে,2
বেপরোয়া,2
নিয়ন্ত্রণ।,2
'আওয়ানাহ,2
নেয়।’এখনো,2
"করিয়েছেন,",2
(যায়নাবের,2
বায়’য়াত,2
যাওয়াই,2
কালিমায়ে,2
অন্তরায়,2
ঘটায়।এখনো,2
মাহ্‌ইয়া-ওয়াল,2
ওয়াকিদ-এর,2
দেখায়।,2
(হুদাইবিয়ার),2
বেলায়),2
নাখয়ীকে,1
(আত্নীয়),1
নিয়্যতে),1
স্বেচ্চায়,1
আহওয়াযী’,1
আপ্যায়িত,1
"রয়েছে।
আ‘মাশ",1
ইমাম(মুযদালিফায়),1
ওয়াইল।এখনো,1
জুরায়জ-'আত্বা,1
হয়োনা।এখনো,1
বর্ণিতঃ(মদীনায়,1
"না।
মু’আবিয়াহ্",1
হান্দায়,1
"হয়ঃ
দৈহিক",1
‘উলয়ার,1
"করিয়েছি,",1
আত্নীয়দের,1
আনয়নকারীগণ,1
তুফায়লকে),1
ছায়া),1
বিষয়গুলোতে,1
দুধ-ভাইয়ের,1
(হুদাইবিয়াহ্‌,1
নয়......),1
দু’মেয়েকে,1
দুর্গন্ধময়।(আধুনিক,1
ফুযায়ল-এর,1
সফিয়্যাহ্‌।,1
হুয়াইরাহ,1
দুইয়ের,1
ইখ্‌তিয়ারপ্রাপ্ত,1
বর্ণিতঃযয়নাব,1
হুমায়দী,1
"করেছেন।
ইয়াযীদ",1
জারায়জ,1
মানাবীয়,1
ফারওয়াহ্‌,1
বাবুররাইয়ান,1
(সাওয়ারীতে),1
‘হয়তো’,1
দিহইয়া।,1
(স্থানীয়,1
নেক-নিয়্যাত।,1
‘পঁচিয়ে,1
চেয়েও।,1
ওয়ালাহুস্‌,1
হানাফীয়া,1
দির্ঘায়িত,1
(স্নেহময়ী,1
জাযিয়,1
পূর্ণমাত্রায়,1
"সংশয়,",1
নাজিয়াহ্)।,1
"প্রয়োজন?
যুহায়র",1
(রিওয়ায়াতের,1
(ছয়জন,1
ত্বওয়াফও,1
"দয়ালু।""(আধুনিক",1
‘আয়লার’,1
সায়ফ্‌-এর),1
গুম্বজওয়ালা,1
বর্ণিতঃফুযায়ল,1
দিয়া-র”,1
(ধোয়ার,1
শু'বাহ-সুলাইমান-যাকওয়ান,1
সাফিয়্যাহ্!,1
খায়রু,1
"শিখিয়েছিলেন,",1
সু'আয়র,1
খুসায়ম,1
খুবায়ের,1
জুয়াইরিয়াহ,1
‘উমাইয়ার,1
সময়েরও,1
ওসীয়্যাত,1
‘হাইয়া,1
মাদীনহয়,1
‘উইয়াইনাহ্,1
ওয়াফরা)।,1
দিয়েছেন।’,1
নিয়েছিলে।,1
গোঁড়ায়,1
(কুড়িয়ে),1
উমাইয়াহ্ও,1
জ্বালায়।,1
যায়িদাহ্-এর,1
৬২৬৪)কুতায়বা,1
বায়‘আতকারিণী,1
রয়েছি-,1
অত্যাবশ্যকীয়।,1
(ওয়াক্ত),1
"দাঁড়িয়েছেন।
ইবনুল",1
নিয়েই),1
ওয়াসাল্লাম)?,1
হুবায়শকে,1
খায়বারবাসীদেরকে,1
নাজায়িয?,1
রাখাবস্থায়,1
নয়?’,1
‘দীয়াতের,1
কুদায়দ-এর,1
ন্যায়পরায়ণ।এখনো,1
‘ঈলিয়া’,1
ইয়া‘কুব,1
আকওয়া’),1
অসীয়াত,1
দ্বিতীয়পক্ষের,1
জুহায়ম-এর,1
যুবায়রই,1
(তায়াম্মুম),1
"ওয়ারিস,",1
পরাগায়ন,1
‘দিয়্যাতের’,1
ইয়াতীমকে,1
"ঢালতেন।
‘আয়িশাহ",1
খিয়ারকে,1
হাদিয়াসমূহ,1
জামিয়াতুন”,1
কুরায়ব!,1
দেই।সুফইয়ান,1
দায়িত্বভূক্ত,1
হয়েছিল।’এখনো,1
দুনইয়ার,1
আসাদিয়া,1
(নিয়তে),1
খাওয়া;,1
ভিজায়),1
"ওয়াহ্‌দাহু,",1
"হয়।
আমি",1
নেতৃস্হানীয়,1
চোয়ালটিও,1
পরিয়েছেন,1
অঙ্গুলিদ্বয়কে,1
পাঠিয়েছি),1
(কুরায়শরা),1
তাড়নায়।,1
বর্ণনায়…….,1
উসায়্যাহ,1
হুয়ায়রিস,1
আসওয়অদ,1
যুলখুওয়ায়সিরা,1
দিয়েছি’’-,1
দিয়েছেন]।,1
তৃতীয়াংশকে,1
রোযায়,1
আইয়ুহান্,1
‘আত্বিয়্যাহ্‌,1
ওয়াতা‘আলার,1
মাইয়্যিতের,1
"হন।
ইয়া’কূব",1
দারোয়ানের,1
সদাকাহ্‌য়,1
আতিয়্যাকে,1
মক্কায়।,1
পুত্রদ্বয়কে,1
ওয়াস্‌রিফ,1
ভিজিয়ে),1
ছায়া-পানিহীন,1
হাও্‌ওয়া,1
"আঁচড়িয়েছে,",1
সংশয়কে,1
দেখায়ও,1
পাওয়াটা,1
বর্ণিতঃআওয়াযী,1
যাববিয়্যি,1
নহরদ্বয়,1
খাওয়াবে।,1
"লিহয়্যান,",1
কাবীরা-ওয়াল,1
ক্বিয়ামতও,1
‘আশ-শয়তান’,1
‘আয়েশা!,1
ওয়াহী-,1
নাওয়াত,1
প্রচন্ডতায়),1
‘উলাইয়্যাহ্-এর,1
যাকওয়ানী,1
ওয়াহ্শীকে,1
আতীয়্যাহ,1
শু‘য়বা,1
(মায়মূনাকে),1
সাজদায়ও,1
ছয়জন।,1
রোমীয়গণ,1
(সারিয়্যা),1
গিয়াছিলাম।,1
মোকেবেলায়,1
গয়কাহ্,1
‘হাওয়াযিন’,1
দ্বিতীয়বারেও,1
তিলাওয়াত।,1
"করিয়েছে,",1
উনায়সকে,1
মু’ত্বিয়া,1
(পায়জামা),1
রুমায়সাকে,1
ওয়ায়িল),1
দেশীয়রা,1
আনয়নকারী),1
"হুযায়ফা,",1
মালায়িকাহ।,1
আকওয়া'।,1
ওয়াজিল্লাহু,1
সর্বাধিনায়ক,1
হুয়ায়কে,1
হাল্‌ওয়া,1
সলাত-সিয়াম,1
আত্মীয়স্বজনদের,1
খুযা’য়,1
জায়িয)।,1
জি‘য়রানা,1
‘আরায়া’,1
তাঁকিয়ে,1
"করিয়েছো,",1
দিয়েছেন”।,1
নয়দিন?,1
হায়িয-এর,1
ইয়া’মারী,1
"হুওয়াইয়িসাহ্‌,",1
ওয়াহাব্,1
(‘আয়িশার),1
(দেয়ালগুলো),1
আয়াতটিতে,1
মাক্বসূরায়,1
জুরায়েজের,1
হুযায়লের,1
‘ইবাদতখানায়,1
মুতাওয়াক্‌কিল,1
‘শয়তান’,1
অবাস্তবায়িত,1
বিষয়টিই,1
হয়’-কথাটি,1
বায়নাল,1
"১৭:১৫)।
আইয়ূব",1
পাওয়াও,1
‘আওযায়ে,1
(আত্মীয়তার,1
‘আও্‌ওয়াম-এর,1
‘আয়িযুল্লাহ,1
ক্বিয়ামাতকে,1
নিয়মানুযায়ী,1
আওয়াজ?,1
দায়-খয়রাতের,1
ওয়াসালজিন্‌,1
যাক্ওয়ানী,1
বাতনুল-ওয়াদীতে,1
কয়ের,1
শুয়ে।এখনো,1
কোথায়?’,1
জিম্মায়।,1
(জাতীয়,1
ইয়াসা-রী,1
‘হারূরিয়াহ্’,1
গিয়েছিলেন”,1
ওয়াহ্‌দাহ্‌,1
যুরায়ক্ব,1
"কিয়াম,",1
"পাঠায়,",1
পাঠিয়েছেন।”,1
‘আদাবিয়্যাহ্‌,1
‘ইয়াশুক্‌কু’,1
গজায়?,1
দেয়া’।,1
জিয্‌য়াহ্‌,1
হয়েছে-“তুমি,1
‘সামিয়াল্লা-হু,1
"হয়।
(২)",1
সাজ্‌দায়,1
হায়াতে’,1
বর্ণিতঃইয়া'লা,1
"পরওয়ারদিগার,",1
জ্যোতির্ময়।,1
সুফইয়ান),1
শোয়া,1
ইয়াস্‌রিফু,1
"সওয়াব,",1
"রয়েছে।
“আমি",1
পরওয়ারদেগার,1
(বৈপিত্রেয়),1
পেশায়,1
হুদায়লা,1
পাড়ওয়ালা,1
চেয়েছেন;,1
আশ্রয়দাতা।,1
"চেয়েছে,",1
নিয়ম)।,1
ওয়ামান,1
বর্ণিতঃহুদাইবিয়াহ্‌র,1
ঝরায়।এখনো,1
সুগন্ধময়।,1
"সহায়ক।
জিব্রীল(‘আঃ)",1
আশ্‌-শানায়িয়্যু,1
"হয়নি;
(৪)",1
(হিরাক্লিয়াস),1
(ইখতিয়ারের,1
ঘোষণায়,1
“ওয়াক্ত,1
‘গিয়াল’,1
প্রজ্ঞাময়-,1
অবস্থায়।এখনো,1
নেয়)।,1
ঘোড়সাওয়ার,1
আও্ওয়াবীন’,1
ওয়াফ্ফা-হা,1
"দেয়।
তারপর",1
"শামিয়ানা,",1
নিয়ন্তা।,1
দিয়েও।,1
তীব্রতায়,1
"রুকূ'-সাজদায়,",1
নিয়মিত।,1
"জুয়া,",1
হামলায়,1
হিদায়াতপ্রপ্তের,1
অস্তপ্রায়,1
"হয়েছে।
الشَّوْكَةُ-الْحَدُّশক্তি,",1
‘উরওয়াহ্র,1
(জুহায়নাহ্,1
"হাদিয়া।
৩.",1
খেয়েছিল’।,1
শায়বাহ্-এর,1
‘মাউল-হায়াত’,1
রাওয়াহাহ্,1
ওয়ারহমাতুল্লাহি,1
মুআয়কিব,1
ক্বা’দায়,1
(যায়দ)-,1
সোয়াব,1
তৃতীয়বারেও,1
(‘আয়িশাকে),1
বেলায়”,1
বর্ণিতঃতুফায়ল,1
আইয়া’শ,1
জানায়নি।,1
কুরাইযায়,1
মেদওয়ালাদের,1
"থাকে।
লায়স",1
ওয়াজ্হি,1
মু‘আওয়ায,1
"ডায়াজেপাম,",1
'উমায়রকেও,1
হুরায়স-এর,1
খুবায়বের,1
আঁকিয়ে,1
ধূলিময়,1
আইয়্যুহান্,1
নাক্কায়সাস্‌,1
(ছাড়িয়ে),1
অবস্থায়”-,1
(তৎবিষয়ে),1
সাওয়ারীদের,1
ওয়াসাল্লাম)।,1
গায়কা,1
পয়তাল্লিশ,1
দা’ওয়াতকারীর,1
‘ওয়ালিমা’,1
ফায়সালা।,1
নেয়া।এখনো,1
বাত্‌নুল-ওয়াদিতে,1
নিয়ে-,1
‘আল-বায়তুল,1
হয়েছে?আবূ,1
সূফইয়ান,1
নিয়েছে।এখনো,1
জিয্‍য়াহ্,1
যাওয়ার।,1
উভয়স্থানে,1
‘ইয়ারহামুকাল্লাহ’,1
(প্রয়োজনীয়),1
সিয়ামকারীর,1
ইলায়ক”।,1
কুতায়বাহ্‌-এর,1
অধ্যয়নে,1
"উঠিয়েছিলেন,",1
"হয়েছে।
‘আমরের",1
রায়হানাহ্‌,1
শায়ত্বনই,1
(খারিজীয়া)?,1
(সাফওয়ান,1
ইয়াহূদী-নাসারাদের,1
বায়তুল্লাহ’র,1
তৃতীয়দিন,1
"রয়েছে।
যুহায়র",1
বুসরায়,1
‘’ওয়া,1
ইয়া‘উক,1
শায়াবাহ্‌,1
"ধোয়া,",1
‘ছিনতাইয়ের’,1
সায়িদী,1
"দূরবস্থায়,",1
আয়াতেই,1
হয়েছে’–ততক্ষণ,1
যুহ্য়র,1
"ওয়াসাখ।”
অর্থাৎ,",1
"শায়বাহ,",1
ইয়ালায়,1
আশ্রয়স্থল।’’,1
যাওয়ার”,1
খায়বারের),1
নামায়।,1
প্রয়োজনবশতঃ,1
নাবূওয়াতই,1
আবাস্-সায়িব!,1
আইয়্যুব,1
"দিয়েছেন।
ইব্‌রাহীম",1
খুযায়মাহ,1
মীনায়,1
মুয়াত্তাল,1
নিকটাত্মীয়-স্বজনের,1
গিয়েও,1
হাঁকিয়ে।,1
"রয়েছে।
তাতে",1
(লাব্বায়কা,1
হয়েছ’,1
ছায়াই,1
অসুস্থাবস্থায়,1
দিয়েছেন।আধুনিক,1
(কেয়ামতের,1
সদকায়,1
হুযায়াফার),1
আদয়,1
মুখাও্ওয়াল,1
(আসওয়াদ,1
"কুলায়,",1
দু'ডানাওয়ালার,1
আশঙ্কায়),1
ওয়ারস-এর,1
ওয়াহিল,1
হুরাইসিয়া,1
আয়-উৎপাদন,1
গাযওয়ারে,1
পায়খানা-পেশাবের,1
"শায়বাহ্‌,",1
"চালায়,",1
বয়োজ্যেষ্ট,1
আল-মায়িদাহ্‌),1
বিজয়)।,1
দেয়),1
নিরাময়।(আধুনিক,1
মাহ্‌মিয়্যাকে,1
‘বায়দা’তে,1
প্রতিক্রিয়া।,1
নেয়।(ই.ফা.,1
মুয়ায!,1
'ওয়াকীয',1
‘আম্বজানিয়্যাহ’,1
ইউসায়র-এর,1
(ক্রয়ের),1
দুর্বলতায়,1
“মায়াসির”এর,1
শিংয়ের,1
(আয়তনে),1
বায়যা।,1
(ইয়াওমুন্নাহার),1
মুকার্‌রামায়),1
রিদওয়ানকে,1
‘উয়াইনাকেও,1
লাগায়.....।এখনো,1
তায়েফবাসীগণ,1
স্বাচ্ছন্দ্যময়,1
হারুরিয়ার,1
('আয়িশাহ্‌র),1
প্রতিদ্বন্দ্বিতায়,1
নওজোয়ান,1
(বিস্ময়,1
"[৪১২৫]
লায়স",1
"বেহায়া,",1
রুবা’ইয়াত,1
দু‘পায়ের,1
দেয়াটাও,1
আসকিয়া’,1
‘রাবাযা'য়,1
মু’আবিয়াহ্),1
হয়েছিলেন।(আধুনিক,1
ইয়াস্‌রিব-এর,1
লিহয়ানকে,1
জুবায়র?,1
খায়বারেও,1
লা-ইয়াহ্‌দী,1
দান-খয়রাতকারী,1
আলায়কাস,1
খেয়েছি।(আধুনিক,1
প্রশ্রয়,1
(যথাসময়ে),1
মাজাশেয়ী,1
রিওয়ায়াতের),1
দাইয়ের,1
সুওয়ায়বাহ্‌,1
লুতাবিয়্যাকে,1
বিষয়ও,1
হুমায়ন,1
পৃষ্ঠায়,1
(ক্বিয়ামুল,1
"কুরায়শ,",1
তত্ত্বাবধায়করা,1
নিয়েছিলেন।),1
‘আয়িশাহ-কে,1
বিয়ে),1
(আকওয়া’,1
"গিয়েছে
বুওয়াইরাহ",1
সওয়ারীকে),1
সত্যায়নে,1
"দেয়াল,",1
দিয়েছেনই।,1
ওয়াবারাকাতুহু।,1
"তুয়াইত,",1
"দেয়।
(ই.",1
নবুয়তকালে,1
ন্যায়নিষ্ঠ।,1
হয়নি’,1
ওয়া’আলা-ইবা-দিল্লা-হিস,1
"নয়)।
আবূ",1
রিওয়ায়তটি,1
মসজিদদ্বয়ে,1
(উনায়স),1
(গোত্রীয়,1
হুরায়রাকে,1
খিয়ানাতের,1
(বাস্তবায়ন),1
হয়নি-,1
‘খাওয়ার’,1
সাজায়,1
সময়েই),1
পড়িয়েছে?,1
"কর।
‘আয়িশাহহ্‌",1
তৎপরতায়),1
আবস্থায়ও,1
"হয়ে”,",1
হুযায়েল,1
জায়গাগুলোর,1
বেরিয়েছিল।,1
জ্যোতির্বিদ্যায়,1
(শয়তানকে),1
উপচিয়ে,1
ইয়া’কূবকে,1
দেয়”-(হুদ,1
প্রতারণাময়,1
‘আয়িশাহ।,1
অসিয়্যত,1
অধিনায়ক),1
পাঠিয়েছ।,1
সমালোচনায়,1
দাহ্‌ইয়াতুল,1
“শয়তানেরা,1
দেয়ালটিকে,1
প্রয়োজনটি,1
হুরায়ারাহ্,1
কমবয়স্ক,1
ক্ষেপিয়ে,1
সংখ্যায়ও,1
গায়লান,1
অবস্থায়ঃ,1
"আতিয়্যা,",1
"‘উকায়ল,",1
শায়বাহ্‌র,1
যাতুল-উশায়র।,1
আাদয়,1
‘কায়লূলা’৩৫,1
খুয়াইসিরা,1
“ওয়ালা’,1
ধূয়া,1
পেয়েছিল।(আধুনিক,1
যুগীয়,1
ওয়াসাল্লাম-ই,1
সূচনায়),1
হয়।’’,1
পাথেয়ের,1
বাড়িয়েছিলেন,1
বায়দাকে,1
"দিয়েছেন।

রসূলুল্লাহ",1
"ছিল।
উনায়স",1
দিয়েছিলো।,1
ওয়ালাতা,1
সূর্যোদয়কালে,1
দাঁডিয়ে,1
বাঁচায়।,1
কথা‘নিশ্চয়,1
হুনায়নকে),1
সুফিয়ানের,1
‘আতিয়্যাহ্‌),1
"দাও।
ওয়ালীদ",1
বললেনঃনিশ্চয়ই,1
বংশ-পরিচয়মূলক,1
মর্মার্থানুযায়ী,1
পড়বে!”‘আয়িশা,1
“আয়িশাহ্,1
“সিয়াম,1
সুওয়ায়বাকে,1
হয়েছিল’’,1
অনমনীয়,1
হায়যের,1
‘আয়িশা]!,1
বায়রুহা।,1
"রয়েছে।
রাবী",1
আস্তিনদ্বয়ের,1
‘হিরাক্লিয়াস,1
মনোওয়ারার,1
লাগিয়েছি।(আধুনিক,1
তাওয়াক্কাল্তু,1
ওয়াকী‘র,1
সঞ্চয়রূপে,1
‘উরওয়াহ্‌ন,1
বুঝিয়েছেন),1
"ওয়াদা’
করেছেন,",1
"হয়েছেনে,",1
অধিকপ্রিয়?,1
"বসতেন।
লায়স",1
সিরিয়াতে,1
ওয়াফী,1
মুলায়কাহ্‌),1
ছড়ায়,1
"নেয়া,
৩.",1
স্বপ্নদ্বয়ের,1
"চেয়ে
অধিক",1
আয়ূষ্কালকে,1
নুজায়দ,1
রয়েছে’’-,1
সাফিয়্যার,1
হুনাইয়াহ!,1
(জুরায়জ),1
মু’আবিয়াহ্র,1
সুলায়মা-এর,1
চুড়ায়।,1
আয়নার,1
(নিয়ম,1
"করে।
সুফইয়ান-এর",1
পায়।(আধুনিক,1
রটিয়েছিলেন,1
আসলামিয়্যাহ্‌,1
সূফ্‌ইয়ান,1
উসায়দ!,1
বর্ণিতঃমদীনায়,1
সাওয়াব-এর,1
কুরায়েশদের,1
শরী‘য়াত),1
ওয়াসক-এর,1
উদরাময়,1
দিয়েছিল”–,1
চিহ্নওয়ালা,1
"শুনিয়েছেন,",1
চেয়েছিলেন?,1
নিয়ামক,1
আব্ইয়াযা,1
বর্ণিতঃক্বায়স,1
বেরিয়ে),1
মায়াবিভ্রম,1
আয়কর,1
জায়গায়।(আধুনিক,1
মুযায়নাহ্ও,1
মাসআলাহ্-মাসায়িল,1
মু‘য়াল্লাহ,1
(ইরওয়ালিল,1
ইয়ামানীর,1
দেয়ালগুলোতে,1
চেয়েছেন-,1
গিয়েছিলেন।খাদীজা,1
ইয়াখ্‌তালিফূ,1
কাদিসিয়্যাতে,1
বুয়ূতিকুম”,1
আবইয়াযু,1
বেলায়।,1
(অনায়াসে),1
‘উবায়দ’,1
"রয়েছে।
শু‘বাহ্",1
‘ইয়াহূদ,1
"করে।”
যুহায়ের",1
বুঝিয়েছিলেন।এখনো,1
কর্নদ্বয়ের,1
বাড়িয়েছেন-আর,1
নিয়ম-কানুনও!,1
"দেয়।
আবূ",1
(চিরস্হায়ী,1
বর্ণিতঃওয়াহ্‌ব,1
“উওয়াইমির,1
পেঁয়াজ,1
কায়স-এর),1
ত্বয়বাহ্,1
হয়েছে],1
দয়া।(আধুনিক,1
(ফাতওয়া,1
হাওয়াযিনদের,1
ফিদিয়া,1
ওয়ালিক্বা-উকা,1
‘ফিদ্‌ইয়া’,1
"উমাইয়া,",1
স্নেহপরায়ণা,1
হেরায়,1
দোয়াত।,1
“ওয়াজ্’আলনী,1
মরিয়ামের,1
ছোঁয়াচে,1
‘ওয়ালা’-,1
বাঁয়ে?,1
হাওয়াযিনরা,1
তাঁরা(মিনায়),1
খিয়ানতকারীর,1
নিয়্যাত।এখনো,1
দিয়েছি?এখনো,1
ইয়াওমুন্নাহার-,1
দায়মুক্ত।,1
এক-নিকটাত্নীয়দের,1
ইথিওপিয়া),1
মুওয়ার্‌রিক,1
ইয়াহূদরা,1
সওয়ারীদের,1
দাঁড়ায়?,1
আরায়্যা-এর,1
রাওওয়াদ,1
ওয়াক্ত।এখনো,1
নিয়েছি।’,1
"মমতাময়,",1
বায়ত!,1
"রাখুন।
নিশ্চয়",1
কোথায়,1
পদদ্বয়কে,1
ওয়াফাও,1
‘সূরায়ে,1
হও।[আয়েশা,1
বাত্‌লিয়ে,1
"হয়েছে।
হাদীসের",1
পায়াজামা),1
করায়-,1
বসাবস্থায়।,1
‘‘নিশ্চয়ই,1
যায়দ],1
সহায়-সম্পদের,1
নিয়ন্ত্রণ।”,1
"অপছন্দনীয়।
তিনি",1
উঠা-বসায়,1
ক্ষতদ্বয়ের,1
উকিয়া-এর,1
যিয়ারাহ্‌র,1
সানিয়্যাতুল-বিদা,1
‘উয়াইমিরই,1
বিমা-য়িস্,1
(যন্ত্রণায়),1
ছুঁয়েছে,1
হয়েছে?এখনো,1
সম্পর্কীয়),1
বর্ণিতঃযুল-হুলায়ফাহ,1
দলনায়ক,1
সায়ীদ),1
"হয়েছিল।
২.",1
প্রয়োজনকে,1
ওয়াসমা,1
‘রওযায়ে,1
উচ্চবংশীয়,1
(সিরিয়ায়),1
জানিয়েছেন-,1
আয়্যূব,1
"পায়।
(ই.ফা.",1
মেয়েকে।,1
দোষণীয়,1
নিয়েছিলেন-,1
"ই.সে.৬২২২)
অধ্যায়ঃ",1
সিরিয়াবাসী!,1
কায়নুকা’,1
বর্তায়নি,1
বর্ণিতঃশায়বানের,1
পৌঁছিয়েছে?,1
দরাওয়ারদী,1
রাইয়্যান।,1
গ্রহণীয়।,1
"মারিয়াম,",1
'উয়াইনাহ্‌কে,1
(বিপর্যয়),1
অনুপ্রেরণায়,1
র্হারায়,1
শারীকানায়,1
গরীয়ান,1
ইয়াগুছ,1
"যাবে।
‘আয়িশাহ",1
দিয়েই।,1
…সুফ্ইয়ান,1
সুফ্ইয়ান-এর,1
(শায়বান),1
পালিয়েই,1
ধুলায়,1
নির্বুদ্ধিতায়,1
খাওয়া।,1
বর্ণিতঃ‘উরওয়ার,1
"যুগিয়েছে,",1
রিদওয়ান),1
আশায়ই,1
বর্ণিতঃইয়াহূদীদের,1
"ভুলায়।
(ই.ফা.",1
খোয়াননদ।,1
হয়নি।আবূ,1
ছিলেন-ইয়া,1
ইয়াহূদদের।,1
ওয়ারিসদেরকে,1
পয়সায়,1
"নিয়েছিল।
ওয়াকী‘",1
অপ্রাপ্তবয়স্ক-,1
ঢুকায়।,1
সাকীফায়,1
এগয়ে,1
ওয়ায়েলকে,1
"করাতেন।
‘উরওয়াহ্",1
"তিলাওয়াত,",1
‘ক্বিয়ামত,1
রুবায়ঈ,1
খুঁচিয়ে,1
উতবিয়া,1
দিয়েছিলাম-,1
মক্কা-য়,1
আয়লাহ্‌র,1
যুরা’য়,1
‘ক্বিয়ামাতের,1
তায়ম্মুম,1
কুরায়র,1
(কায়েস,1
দেয়ালকে,1
ঢেউয়ের,1
(ওয়াক্‌ফ),1
সুহায়লের,1
বর্তিয়েছেন।,1
অনাদায়জনিত,1
"চাই।)।
‘আয়িশা",1
ওয়াস্‌সাল্‌জি,1
আদায়কারীর),1
(বন্দীখানায়),1
জলাশয়ের,1
গিয়েছিলাম;,1
একগোত্রীয়,1
উট-ওয়ালাদের,1
(‘আসিয়াহ্‌),1
ছায়াও,1
বাহরায়নের,1
ইব্‌নু’য্‌-যুবায়র,1
অন্যায়)।,1
শামিয়ানাটি,1
নেয়-মালিকের,1
চাওয়ায়,1
‘বুয়ূতাহুম,1
(মুসাইয়্যাব,1
(বয়স্কদের,1
ইয়াহূদীকে),1
"‘বানিয়েছ,",1
কুয়াই,1
"খাওয়ায়,",1
বসিয়েছেন।,1
“দ্বিতীয়,1
পেয়ালাটিই,1
ওয়ায্‌কুর,1
(সাওয়াব),1
মায়ের),1
নয়।’,1
উস্কিয়ে,1
মুওয়ায্‌যিনের,1
হুকায়ম,1
‘জাদওয়াল’,1
(আল-আম্বিয়া,1
‘ইয়াতীম’,1
‘সায়ীবা’র,1
(সিয়ামের),1
তনয়া!,1
উয়াইনাহর,1
"তালবিয়াহ্।
নাফি’",1
মুহাইয়াসা।,1
বর্ণনায়ও,1
[ইয়া’লা,1
(ওয়াহ্‌ব,1
ওয়ালীমা।,1
"হয়েছিল।
ইবনু",1
‘উরাইয়াহ!,1
হওয়ারও,1
ওয়াজহী”,1
‘হাশিয়া,1
"হয়েছিল।
জাবির",1
বাকী‘য়ে,1
যুবায়রকে),1
দুন্‌ইয়াতে,1
হয়।[১]এখনো,1
‘আনবিজানিয়্যা’,1
কোচায়,1
টাকা-পয়সা,1
গায়েবানা,1
অপবিত্রাবস্থায়,1
ওয়াহায়ব,1
ছিটিয়েছিলেন,1
সায়াদী,1
পায়েও,1
নবুয়াত,1
রিওয়ায়াতে),1
ফলদায়ক।,1
ওয়াক্বফ,1
যায়নি?,1
হিদায়াতদানকারী,1
সুর্যোদয়ের,1
সা’য়ীদা,1
পথেয়,1
(লড়াইয়ে),1
ওয়াসাল্লাম-মৃত্যু,1
"আশায়,",1
সুফইয়ান!,1
শিক্ষণীয়),1
যায়্‌নাব!,1
সাফিয়া,1
আকওয়া’।,1
বিষয়টাকে,1
মৃতপ্রায়,1
ওয়ার্যুক্নী”।,1
"শুআয়ব,",1
নিশ্চ্য়ই,1
(‘আয়র,1
মুনাওয়ারায়,1
ন্যায়?,1
শায়ত্বকে,1
"ছয়জন,",1
"দিয়েছো,",1
কু‘আয়স-এর,1
"ঘটিয়েছিল,",1
ইয়ামানবাসীগন,1
লায়ল),1
‘জিযয়াহ’,1
ইয়ায়ীদ,1
ওয়াদা-অঙ্গীকার,1
সালমায়,1
জায়াগা,1
(যায়নাবকে),1
উচ্চতায়,1
মিগওয়াল-এর,1
(বিধায়,1
বারীয়াহ,1
ওয়ালা-ইয়ানফা’উ,1
আমবিজানিয়্যাহ,1
মদীনায়।,1
"""নিশ্চয়ই",1
দেয়ার’,1
"সুহায়ম,",1
বর্ণিতঃআয়াস,1
(‘আয়িশাহ্‌র),1
সিয়ামও,1
('আয়িশাহ্‌),1
‘ইয়াহুদী,1
আচড়িয়ে,1
"না।
লায়স",1
শায়ত্বনের,1
গোষ্ঠীয়,1
"পেয়েছিলেন,",1
(যিয়ারতের,1
নয়”?,1
চরিয়েছেন।এখনো,1
হৃদয়-বক্রের,1
ফিদাইয়া,1
ওয়াশাক্বক্বা,1
(সাহাবায়ে,1
তাকিয়ায়,1
আলনায়,1
ওয়াহ্হাব,1
খেয়েছেন।”,1
সুওয়াইদকে,1
"উমাইয়্যাহ্,",1
'আয়িশা!,1
সফ্ওয়ান।,1
(ইয়ামানবাসীদের,1
বংশপরম্পরায়,1
"শুনিয়েছেন।
ইবনু",1
দু'পায়ের,1
জাযগায়,1
"যাবে।
যুহায়র",1
হওয়াকে),1
সারায়?,1
উভয়য়েই,1
(বৈমাত্রেয়,1
‘আইয়্যাশ-এর,1
يُثْخِنَজয়ী,1
"মালায়িকাহ,",1
থেঁতলিয়ে,1
তাওয়াফ),1
হয়নি)।,1
আয়াতটিই,1
বিষয়াবলী,1
"খায়রাত,",1
নিয়ম-বিধান,1
‘ওয়ালার,1
বেপরোয়া!,1
বোধহয়,1
হুয়াই-এর,1
যুল-ইয়াদাইনের,1
নির্ভয়,1
আয়মন,1
বর্ণিতঃমক্কায়,1
‘উশায়র।এখনো,1
মেয়াদ),1
"শুনেছি।
কয়েকটি",1
‘আয়শার,1
ওয়াদীর,1
ফায়রূয,1
ঘটিয়ে)শাস্তি,1
"হয়েছিল),",1
যুল-খুওয়াই,1
"হুঁশিয়ার,",1
উভয়কেও,1
ঘটিয়েছে?,1
কূয়াতে,1
ওয়াহ্শীর,1
লাব্বায়কা),1
রাশিদীয়া,1
ফিরইয়াবী,1
ন্যায়নিষ্ঠরূপে,1
আয়াত-.........,1
(রুকাইয়া),1
‘উমাইয়াহর,1
ফিরাসিয়াহ্‌,1
লোভনীয়,1
মুখায়বে,1
"শুনিয়েছি,",1
ওয়ালীমাহ।এখনো,1
"দাবীদার।
সুলায়মান",1
(খাওয়ার),1
বিনিময়ও,1
পরিয়েছি।,1
বয়সি,1
টাঙ্গিয়ে,1
লাব্বায়েক,1
খাওয়াওনি?,1
‘উবায়দাহ্,1
খায়বারবাসীরা,1
[কুরায়ব,1
হিমইয়ারী,1
"যায়।""",1
নয়”।,1
বিনিয়োগ,1
যী-তুয়ায়,1
সৎকর্মপরায়ণদের,1
সীমায়।,1
সায়িদায়ে,1
সাকাফিয়্যাহ্,1
গিয়েছিলাম.......।,1
বর্ণিতঃক্রয়,1
(অভিপ্রায়,1
বিয়োগ,1
চায়;,1
মায়দানে,1
মারওয়ানও,1
পথভ্রষ্টতায়,1
দেয়া)।,1
নাযিলায়,1
কিতাব-ইয়াহূদী,1
বষয়ে,1
অসময়ে,1
আয়াতগুলোর,1
"অনিয়ম,",1
ছায়াকে,1
কয়েদখানা,1
বেদনায়,1
"রয়েছে-
(আরবী)
নিশ্চয়",1
জায়গারও,1
"স্নায়ুতন্ত্রীসমূহে,",1
বেড়িয়েছিলাম।,1
সায়িব-এর,1
উসাইয়্যার,1
‘হায়া’,1
(আয়্যাশ),1
বিজয়্কালে),1
অসুস্থতাবস্থায়,1
ক্রিয়া-কৌতুক,1
বর্ণিতঃহুমায়দ্,1
হাদীয়্যাহ।,1
দিয়েছেন”-,1
গায়বের,1
বালা-য়িহি,1
"চালিয়েছে।
তারা",1
বায়’আত।,1
"[৮৫]
শু‘আয়ব,",1
নুমায়র),1
রটিয়েছে?,1
ওয়াসি’,1
বায়েন,1
অসিয়্যাত,1
শব্দদ্বয়কে,1
ওয়াবারাদিন্‌,1
"সূওয়া‘আ,",1
“সফিয়্যাহ্,1
বর্ণিতঃখাওয়ার,1
খাতা-য়া-কামা-,1
কাঁটায়,1
নয়.......সূরা,1
যায়দ?,1
(কুনিয়াতে),1
সিয়ামরত,1
আবুত্ব-তুফায়ল,1
ত্বওয়াফকালে,1
গিয়েছেন),1
চায়।এখনো,1
আশ্রয়স্থল”।,1
(খায়বারের,1
ঝরনায়,1
লুয়াইয়ের,1
"করেন।
ওয়ালীদ",1
"হয়।
‘আবদুল্লাহ",1
ইয়’কুব,1
অপক্ষায়,1
শিক্ষায়,1
আওয়ালীর,1
"করে।
‘আয়িশা",1
শায়িনীর,1
(রহঃ)......মিস্‌ওয়ার,1
(কিয়দংশ),1
(হৃদয়),1
এসময়েই,1
কুরায়শগণকে,1
“উরওয়াহ,1
হুযায়র),1
তূফায়ল,1
মুকাবেলায়,1
কুরায়শগণও,1
সূরায়),1
অবন্থায়,1
‘যুবায়দী,1
উপায়-উপকরণ,1
হয়-তখন,1
পাঠিয়েছেন;,1
(শয়তানের,1
"৪)
‘আয়িশাহ্‌",1
‘ওয়াসীলাহ্‌’,1
সোনায়,1
আদায়যোগ্য।,1
মটকিয়ে,1
ইয়ামান।,1
(মাথায়),1
"জন।
যুহায়র",1
প্রয়োগে),1
রশিদিয়া,1
সবেচেয়ে,1
ইযা-হাওয়া-”,1
একালায়,1
ওয়াক্কাসাম,1
আয়মান।,1
"যাচ্ছেন।
মিসওয়ার",1
সাইয়্যারাহ্‌,1
বায়নাহুমা-,1
চাকচিক্যময়,1
"হবে।
তৃতীয়",1
‘জুওয়াইরিয়াহ্‌’,1
খাওয়ান।,1
শোচনীয়ভাবে,1
ভয়াবহ।এখনো,1
বেওয়ারিশ,1
কুয়াযী,1
(দেয়া),1
(ভয়ে),1
মু’বিয়া”,1
মায়িদাহ্‌র,1
ওয়াসাল্লাম)ও,1
কিয়ামত]।,1
ভয়াবহ),1
আয়াতদ্বয়ের,1
ইয়াদায়ন-এর,1
শুরায়হ!,1
সাইয়্যিদ।,1
"নামিয়ে,",1
বর্ণিতঃ‘উবায়দুল্লাহ,1
শিয়রের,1
আয়।,1
‘কিয়ামত,1
খেয়ো।,1
রাষ্ট্রনায়ক,1
র‍য়ে,1
বাত্‌হায়,1
ইয়াহয়্যা,1
ধুয়েছেন।’এখনো,1
(ইখ্‌তিয়ার,1
নিকটআত্মীয়,1
দায়ী।,1
না.....আয়াত,1
(ইয়াহূদী-নাসারা)।,1
ওয়াহহাব,1
সুলায়মান-,1
মেয়েলোককে,1
দাওয়াতের,1
(সুফ্ইয়ান),1
(তৃতীয়),1
দেয়া?,1
দেয়না?,1
বাকিয়ে,1
নয়?এখনো,1
(ইয়াযীদের),1
‘ফারায়িয’-,1
"দিয়েছেন।
যুহায়র",1
হাইয়্যাজ,1
ওয়ালা-এর,1
(কয়দিন),1
বিক্রয়কারীর,1
"কাছে।
হায়!",1
ওয়া‘আযা-বিন্,1
"জায়গায়,",1
মারয়ার,1
হুরায়ব,1
(প্রস্রাব-পায়খানায়,1
"নেয়।
বর্ণনাকারী",1
পাচ্ছি......ওয়াকী’,1
(প্রয়োজনমত,1
আত্মীয়ের।,1
‘নিতাকায়’,1
‘আতিয়া,1
হুয়ায়্যীকে,1
করিয়েছেন?,1
সুখময়,1
আয়েয,1
(হুজরায়),1
হকচকিয়ে,1
"হয়না।[২]
তারাবীর",1
"যায়।
দ্বিতীয়",1
যাতুল-উসায়র,1
ওয়াসাক-এর,1
দুওয়াইরী,1
ব্যক্তিদ্বয়,1
‘সামিয়াল্লাহু,1
আদায়রত),1
কুতায়বাহ্‌ও,1
পেয়েছি?,1
(খেয়ে,1
দায়িত্ব।এখনো,1
ওয়াআন্না,1
বায়াযাহ্‌-এর,1
পৌঁছিয়েছেন।এখনো,1
(রাজকীয়),1
বর্তায়।(আধুনিক,1
পরিচায়ক)।,1
(আবিসিনিয়ার),1
"খায়ফে,",1
সায়ফের,1
গুলিয়ে,1
"ইয়া’লা,",1
গায়িব,1
গড়িয়েছে,1
ওয়ারহমাতুল্ল-হি,1
হয়তবা,1
বিজয়কে,1
নায়িলাকে,1
"ইয়াহইয়া,",1
"হাঁকায়,",1
ভাগ-বাটোয়ারা,1
ইয়াহতিবা,1
দাঁড়ায়ও,1
মেয়ে।’,1
"করিয়েছিলেন,",1
আল-বাকারায়,1
রয়েছে”-(সূরাহ্‌,1
জাবিয়াহ্,1
কোথায়ও,1
"দ্বিতীয়ত,",1
(নবুয়তের),1
"পাওয়া,",1
হয়েছিলাম;,1
বায়ত।,1
(আত্মীয়তা),1
মুনতাহায়,1
আয়াতবিশিষ্ট,1
(বায়ু),1
"নেই।”
‘আয়িশা",1
ফয়সালায়,1
দয়াপরবেশ,1
-তনয়),1
দিয়েছ”,1
"দেয়া।
ইবনু",1
“অন্যথায়,1
"হয়।
তিনি",1
সুফিয়ানও...,1
(পালনীয়,1
বার্ধক্যাবস্থায়,1
"হারিয়েছি,",1
তারবিয়্যাহ,1
হুশায়ম-এর,1
"নেয়।
আবূ",1
আস্‌লামীয়াকে,1
ছিটেয়ে,1
সত্যতায়,1
"বানাবে।
ইয়াহ্ইয়া",1
আলোকময়,1
পথযাত্রায়,1
"বর্জনীয়।
*",1
দিয়েছি।’,1
ওয়ান্না-রু,1
দিয়ালী,1
(তাহিয়্যা)।,1
নিয়েছে!,1
উত্বিয়্যাহ্,1
ইন্না-ইলায়হি,1
(‘আয়েশা)-কে,1
‘উমাইয়াহ),1
সুফাইয়ান,1
শিংগায়,1
(কায়স্‌),1
পঁয়ষট্টি,1
আয়াতগুলো।,1
সিরীয়দের,1
"পালিয়েছিলেন,",1
অলসতায়,1
চক্ষুদয়,1
জায়নামাযটি,1
‘উরওইয়াহ,1
হিময়ার,1
বর্ণিতঃআইয়ুব,1
যু-তুয়ার,1
ওসীয়তে,1
(দণ্ডায়মান),1
মারওয়ানুল,1
দিয়েছে’।,1
কণ্টকময়,1
(ওয়াকী’-এর,1
আত্মীয়তা।,1
(বিদায়লগ্নে),1
বরেন-নিশ্চয়,1
নিকটত্মীয়তার,1
তালিকায়,1
"তাই।
(আরবী)
সায়িব",1
লিখিয়েছেন।এখনো,1
আস্‌সা’ইয়িদী,1
পারায়,1
(শুরায়াহ্),1
কায়সারকে,1
ওয়ারিসগণকে,1
‘ক্বাসওয়া,1
রাওয়ানা,1
ক্বিয়ামকারীগণ,1
"[১৮৪]
‘আয়িশা",1
"‘উবায়দুল্লাহ,",1
বিজ্ঞানময়,1
পৌঁছিয়েছি।,1
হুনায়ুনের,1
ইয়া’জুজ-মা’জুজ,1
‘আলহুরাকায়’,1
হুওায়াইরিস,1
সাওয়াবসহ,1
মুওয়ায্‌যিনকে,1
এমনঅবস্থায়,1
আদায়কারীরা,1
জুমু’আয়,1
অনাদায়ের,1
পৌঁছায়নি।,1
(বৈপিত্রিয়,1
জামা‘য়াত,1
(বেরিয়ে,1
‘কুরায়শ’-কে,1
"কুয়ায়।
তিনি",1
উঠায়।এখনো,1
নিয়োগপ্রাপ্ত,1
ওয়সাল্লাম-কে,1
ওয়াকফ,1
বিচারালয়ের,1
'তায়িফ',1
দিয়েছিলেন;,1
তাবিয়ী,1
"ঘোড়ায়।
(ই.ফা.",1
মু“আবিয়াহ্,1
জানিয়েছন,1
শুরায়হিল,1
বর্ণিতঃ'উকায়ল,1
শানূয়ার,1
মু’আবিয়্যার,1
হুকুমনুযায়ী,1
শুনিয়েছিলাম।,1
প্রাপ্তবয়স্কদের,1
দেখিয়ে),1
‘ওয়ান,1
মাহইয়াআ,1
"রবী’য়াহ্‌,",1
পেয়ালাটির,1
দিয়েছিলেন],1
খুজলী-পাঁচড়ায়,1
"হও।
‘আয়িশা",1
চূড়ওয়ালা,1
হস্তদ্বয়ের,1
"শাফিয়ী,",1
কায়লূলায়,1
"অবৈধ।

দ্বিতীয়",1
আকওয়া),1
‘জায়শুল’,1
প্রত্যায়িত),1
"আত্‌তাহিয়্যাতু......বলতাম,",1
‘ইয়ুশারশিরু’,1
যন্ত্রণাদায়ক)।,1
‘উওয়াইমির’,1
হয়েছেন...,1
বেনিয়ায,1
মর্যাদায়”-(সূরাহ,1
পেয়েছেন।আনাস,1
"দেয়া।
শু'বাহ",1
প্রত্যয়ন,1
ওয়ারিসগণ।,1
শুনেছি-সাফা-মারওয়ার,1
কু’আয়স।,1
সা‘য়ের,1
দিয়েছে।”‘আয়িশা,1
‘ফাতাওয়া’,1
মাওয়ালী,1
“ক্বিয়ামুল,1
ইয়াযীদ।এখনো,1
‘উলাইয়্যাহ-এর,1
পাঁয়তারা,1
ওসীয়তটি,1
জন্তু-জানোয়ারের,1
ওয়াসাল্লাম)-এর],1
লি’আনকারীদ্বয়ের,1
লাগোয়া,1
মদ্যপায়ীকারীদের,1
"উনায়স,",1
(বায়‘আত),1
মু‘আবিয়াহর,1
গিয়েছো?’,1
হুওয়াইয়্যিসাহ্‌,1
বর্ণিতঃহুযায়ল,1
সম্প্রদায়েরই,1
হুদাইবিয়াতেই,1
ইয়াতিম,1
স্বয়ংস্পূর্ণ।,1
"রয়েছি,",1
উসায়িদ,1
‘লাহয়ী,1
যায়।’এখনো,1
"করেছেন।
(ওয়াকী’",1
(ওয়ালিদ,1
"থাকত।হায়,",1
হুলাইফা’য়,1
নয়.....”-,1
"টিলায়,",1
বিনিময়েই,1
দেয়।’এখনো,1
(কিয়ামাতে),1
হুদাইবিয়াহ্‌তেই,1
আযীয়,1
"হয়,)",1
আইয়্যূব,1
জাও্ওয়ানিয়্যাহ্,1
মাদিনাহয়,1
যায়দও,1
ওয়াফরা-এর,1
বায়নী,1
ইয়ামনীতে,1
নাসায়ীর,1
প্রক্রিয়াটি,1
হুয়ায়্যি,1
"ফাতায়া,",1
নাসরিয়্যিন-এর,1
(দিহ্‌য়াকে),1
সাইয়্যাদও,1
ওয়াহব-,1
বাল্যবস্থায়,1
ছিদ্রদ্বয়,1
ইয়াক্বযান!,1
সময়কাল।এখনো,1
(ভারতীয়,1
আদায়।,1
আয়েশ।,1
মোজায়,1
‘উলাইয়াহ্,1
পাড়ায়,1
হায়াতের,1
সায়িদার,1
চেয়েছেন]।,1
বেখেয়াল!,1
প্রিয়”-,1
সুফীয়্যাহ,1
অনুসরণীয়।,1
আরওয়াকে,1
(আয়িশাহ্‌),1
আস্থায়,1
(চুলায়),1
উপাদেয়,1
দা’ওয়াতপ্রাপ্ত,1
সুয়াইদ,1
ওয়াকীয-,1
"মায়াময়ী,",1
"সুফ্ইয়ান,",1
কল্যাণদায়ক,1
‘কায়সার’,1
"বাঞ্ছনীয়।
(ই.ফা.",1
আদব-কায়দা,1
‘উওয়াইমিরকে,1
বহিয়ে,1
"খেয়েছেন,",1
"ইয়াহ্ইয়ার।
আবূ",1
সীমারেখায়,1
চালিয়েছিল,1
সিরওয়া,1
চেঁহারায়,1
শায়বানি,1
নি'য়ামাত,1
"পেত।
ওয়াকি’",1
খেয়েছিলেন?,1
আরিয়্যা-এর,1
"হয়।
এরপর",1
ক্বিয়ামাতরে,1
কয়জন,1
"কুয়াশা,",1
চায়-,1
"বিধায়,",1
ওয়ালীমায়,1
(নবুওয়্যাত),1
"রাবী‘য়াহ,",1
নাবিয়্যিকাল্লাযী,1
‘আওয়ামির’,1
(গুনিয়াতুত,1
"রয়েছো,",1
(যায়নাবের),1
‘উয়াইনাহ্র,1
রুবায়ই,1
(ময়দানে),1
বানিয়েছেন),1
শয়তানদেরকে,1
ইয়াজূজ-মা‘জূজের,1
বিনিময়ে‌,1
নিয়েছে;,1
শয়তানের।,1
যাওয়া-আশা,1
ফয়সালা।,1
"পাঠিয়েছ,",1
"যায়।
বর্ণনাকারী",1
(তুলনায়),1
মূলায়কাহ্,1
(দুনিয়া),1
বর্ণিতঃমাদীনায়,1
রওয়ানার,1
জায়গাটাও,1
দিয়ে-,1
ওয়াক্‌ত,1
"আসে।
যুহায়রতার",1
আহওয়াসের,1
তা‘য়ালা,1
অভিপ্রায়ের,1
"হয়।
তবে",1
আতিয়াহ,1
ফুজা-য়াতি,1
সা’য়ী),1
লেহিয়ান,1
জীবনযাত্রায়,1
তাক্ওয়াপূর্ণ,1
"কাটিয়েছে,",1
(ইয়াসীন,1
তায়ালিসাহ্‌ও,1
তত্ত্বাবধায়কও,1
বায়তকে,1
জুওয়াইরিয়্যাহ্,1
হাফইয়া,1
দানায়,1
চেয়েছ।’এখনো,1
পৌঁছিয়েছেন-,1
বিষিয়ে,1
ভয়সম্পন্ন,1
দোলায়িত,1
নুয়ে,1
তাবারিয়া”র,1
ফিরিয়েছিলেন”?,1
শিখিয়েছে?,1
‘সাজদায়,1
ধোঁয়ায়,1
ভয়ঙ্কররূপে,1
আক্‌ওয়া’র,1
"হয়”।
আর",1
গির্জায়,1
আশ্রয়স্থলকে,1
কোথায়?রসূল,1
বয়সকালে,1
(হয়ে),1
(ইয়ামীন),1
ছিঁটিয়ে,1
হুরায়স–এর,1
"যখন,’ওয়ালায্",1
খেয়েছিল।,1
(সূরায়ে),1
বিবস্ত্রাবস্থায়,1
“ক্ষমতায়,1
বিনিময়ে),1
ইয়াহ্‍ইয়া,1
যুলহুলায়ফা,1
দম্পতিদ্বয়,1
‍দিয়ে,1
"দিহ্‌ইয়া,",1
(মৃত্যুশয্যায়,1
তাক্‌ওয়ার,1
গিয়েছিলাম।(আধুনিক,1
"দুনিয়াকে,",1
বায়তুল্লাহ্‌য়,1
আত্মীয়রা),1
ব্যবসায়ী।,1
(তিলাওয়াত),1
"পাঠিয়েছিলে,",1
(অর্থাৎ-ওয়াক্তের,1
পাথেয়”।,1
(মিশিয়ে),1
ছুঁয়েছো,1
দুন্ইয়াল্লাতী,1
বাহুদ্বয়কে,1
"দয়ামায়াহীনতা,",1
চেয়ে।এখনো,1
মুখাবয়ব।,1
‘আয়িশাহ্কে,1
(ওয়াসওয়াসার,1
নিয়ন্ত্রণাধীন।,1
লালসায়আর,1
আত্মীয়–স্বজনের,1
দু’ওয়াসাক,1
সিরিায়ায়,1
“ইয়াযীদ,1
টানিয়ে,1
'উবাইয়দাহ,1
বয়স্করা,1
শ্রদ্ধায়,1
লুতবিয়া,1
পদদ্বয়ের,1
কয়েকখানা,1
রয়েছেঃ(১),1
(রাঃ)পুনরায়,1
সাইয়ার,1
প্রজ্ঞাময়।”,1
হয়েছি?এখনো,1
বিসানায়,1
ধূলি-ময়লা।,1
"হয়েছে।
(৫)",1
চুইয়ে,1
ইয়াযুয,1
ছেলে-মেয়েদেরকে,1
কামিয়াব,1
ওয়াকী',1
রায়ালিআহাদীসে,1
তৃ্তীয়াংশ,1
(গলিয়ে),1
"করুন।”
কুরায়ব",1
শুরায়হ্‌!,1
দ্বিতীয়া,1
"হুরায়রা,",1
ফাওয়ালু,1
রায়হানার,1
জীবদ্দশায়),1
তুলানায়,1
হয়েছে’।,1
(ইয়াহূদী-খ্রিষ্টানরা),1
দিয়েছিল।(আধুনিক,1
রক্তধারায়,1
(বর্ণনায়),1
ছয়’শ,1
জুয়াসা,1
সুলায়ক!,1
(ইয়া’লা),1
(রহঃ)......উরওয়া,1
"আলসার,প্যাংক্রিয়াসের",1
রিওয়াতের,1
নিয়মবিধি,1
তত্ত্বাবধায়ক।এখনো,1
(আবিসিনিয়া),1
ওয়া‘দুকাল,1
ইয়া-সীন,1
মরুময়,1
বাতলিয়ে,1
‍নিয়ে,1
কাওয়ারীর’,1
ইয়াহূদিরা,1
রুবাইয়্যি’,1
চাওয়ার),1
"ছিল।
যুবায়র",1
দু’আয়াত,1
(হয়ত,1
হিদায়াতকে,1
‘উরওয়াহ্!),1
শর্তানুযায়ী,1
কেনা-বেচায়,1
হুনায়ন-এর,1
লিপ্ত)পায়;,1
দীপ্তিময়,1
মুসাইলামাহ্-ইয়ামামাবাসীদের,1
প্রয়োজনীয়তাও,1
ইয়া’জূয,1
দানশীলতায়,1
‘আয়িশাহ্‌।,1
রয়েছে।’এখনো,1
আত্মীয়তাই,1
আইয়ুবের,1
[দ্বিতীয়,1
বাকিয়্যাহ্‌,1
নিরাপত্তায়।,1
দিয়েছিলেন।”,1
পৌঁছিয়েছ?,1
কতিপরয়,1
হুসায়ল,1
বিমা-য়িন্‌,1
রয়েছো।,1
করায়নি;,1
নিরালায়,1
"হুওয়াইয়াসা,",1
ঝর্ণায়,1
(বিক্রয়ের,1
পেয়েছো?,1
হয়--,1
হয়েছেন।এখনো,1
হাও্ওয়া,1
লা’য়ানাকুমুল্লাহ,1
খুওয়ার,1
(যায়নাব)-কে,1
অন্যায়মূলক,1
(নিয়ে,1
"নয়।

সর্বশেষ",1
"তলোয়ার,",1
অসহায়দের,1
ক(প্রায়,1
আভায়,1
"নয়।
তিনি",1
মিস্‌ওয়াকটি,1
তায়মীর,1
যাকারিয়্যা......,1
(কা'বায়),1
কুরাইয়ের,1
উল্টিয়ে-পাল্টিয়ে,1
"দিয়েছি।
(ই.ফা.",1
শুশ্রূষায়,1
পূণ্যময়,1
বুওয়াইরায়,1
সহায়হীন,1
"অংশ
‘উয়াইনাহ্",1
‘উলাইয়্যাহ্‌-এর,1
বর্ণিতঃইয়াহ্ইয়ার,1
কুদায়েদের,1
কিব্তিয়্যাহ্,1
পায়খানাও,1
(শোয়া,1
ওয়াজিবকারী,1
বয়সের।(আধুনিক,1
দিয়ত,1
খিয়ানতের,1
নির্দয়,1
ইয়াজুজ-মাজূজ,1
পাঠায়নি,1
রিয়াকারকে,1
নেয়াকে,1
(ওয়াহ্ব),1
উনায়সের,1
হুযায়্‌র,1
ধোঁয়া।,1
মারওয়া-এর,1
হয়েছে:,1
মু’আওয়ামাহ্।,1
দিয়েছি-ইহরাম,1
গেঁয়ো,1
দিয়েছেন)।এখনো,1
কয়েকজন।,1
যুরা'য়,1
আমরা(মক্কায়),1
মেয়ে?,1
বিষয়সমূহের,1
"গিয়েছিল-
১.তার",1
কোণায়,1
(মাদীনাহয়),1
জায়গা),1
গায়েব-এর,1
ঘটিয়েছিলেন।,1
কাটিয়েছেন।,1
মায়া।,1
ভয়প্রদর্শনকারী,1
অসহায়),1
বেরিয়েছিলাম;,1
রাবীয়াহ,1
ফাতাওয়ায়),1
হৃদয়ঙ্গম,1
ফারায়েজ,1
সওয়াবর,1
হুয়াইয়ের,1
‘জিয়িররানা’,1
আয়ু।,1
(হাবশায়,1
দায়িত্বটি,1
বিনিময়ে।(আধুনিক,1
‘তায়মা’,1
ফায়সালাসমূহ,1
"হয়েছে।
‘উরওয়াহ্",1
জিয়েররানা,1
দিয়েছে।)এখনো,1
যুবা’য়ী,1
কিয়াস।,1
আওদিয়াতি,1
"করায়নি,",1
"জানায়নি,",1
উপায়ে।এখনো,1
‘মারওয়া’,1
জিজিয়া,1
"মেয়েটি,",1
গয়বি,1
"খাওয়াই,",1
রায়হানের,1
ধোঁয়াও,1
"যুবায়ের,",1
রাওয়াদও,1
"যাওয়ার,",1
বায়াদা,1
দ্রুততায়,1
"লম্বা।
‘আয়িশা",1
যাক্‌ওয়ানকে,1
"করেন।
ওয়াহ্ব",1
"ইত্যাদি।
স্নায়ু",1
রেওয়ায়তে,1
উমায়স।,1
দ্বতীয়,1
সামর্থ্যানুযায়ী,1
হয়েছিল)।,1
ফলায়,1
ইয়াগ্‌শা-”,1
দোহায়ে,1
লায়্স,1
ক্বায়িম,1
বর্ষীয়ান,1
রয়েছে-তিনি,1
‘মুকাইয়ার’,1
ফারায়েযের,1
মুতাওায়াল্লী,1
আনোয়ার,1
বিবাহ)নিয়ে,1
সয়লাব,1
যুবায়দীর,1
গা-শিয়াহ্,1
খুওয়াইলিদ।,1
হুমায়েদ,1
(ইয়াকুব),1
রূপায়িত,1
উকিয়্যাহ্।,1
‘শামিয়ানা’,1
আইয়্যানে,1
“বায়রুহা”,1
কায়স।,1
দুআয়,1
নিয়মমাফিক,1
ওয়াযিল,1
মুওয়াযযিন,1
(জুবায়র),1
অবয়বের,1
রুকনদ্বয়,1
সৎকর্মপরায়ণ।,1
পুস্তিকায়,1
‘জুওয়াইরিয়াহ্’,1
হওয়া।”বর্ণনাকারী,1
হাম্মাদ-আইয়ূব-নাফি',1
ময়লাযুক্ত।,1
“ইয়াজুজ,1
দুর্ঘটনায়,1
আল-আহ্ওয়াল,1
ওয়াসাল্লামবলেছেনঃ,1
স্বগোত্রীয়।,1
পেয়েছিলাম।এখনো,1
(সাথীদ্বয়কে),1
খাইয়েছেন।,1
বয়সেই,1
আয়াত:,1
উভয়েই..,1
(মুসায়লিমা)।(আধুনিক,1
দেয়া-,1
‘আওয়ালী’র,1
"করা।
‘ইয়াহ্‌ইয়া",1
বর্ণনানুযায়ী।,1
(শেরওয়ানী),1
বিভুঁইয়ে),1
“যায়দ,1
কিয়দাংশ,1
২/১২৫)।(দ্বিতীয়),1
যায়।১.,1
দায়িত্বও,1
জনপ্রিয়তা,1
আয়াতসমূহ।,1
‘ওয়াইহাকুম’,1
দাওয়াতদাতার,1
ত্বওয়াফ।”,1
ফায়সালা’,1
ইয়াসিন,1
বিরোধিতায়,1
সফীয়্যাহ।,1
মিস্‌ওয়াকের,1
(আল-মা-য়িদাহ,1
হয়না]এখনো,1
‘আজওয়াহ্‌,1
(হৃদয়াভ্যন্তরে,1
"দিয়েছিলেন।
‘আমর",1
প্রয়োজন),1
যায়।[২৫],1
বিক্রয়স্থলে,1
ন্যায়বিচারক,1
বয়োজ্যেষ্ঠা,1
দিয়েছ।এখনো,1
(চোয়াল,1
বাইতুল্লায়,1
"খিয়ানাতকারী,",1
সওয়ারীগুলোকে,1
সফওয়ানের,1
হাদিয়াহ,1
শায়ত্বন।(আধুনিক,1
বর্ণিতঃইয়ামান,1
(নিশ্চয়তাযুক্ত,1
শায়তান”-,1
কর্দম্ময়,1
বুনিয়াদ।,1
(তৃতীয়বারে,1
সাফায়,1
‘ওয়াইলাকুম’,1
আরাফাহ্য়,1
বায়আতকারী,1
আত্মীয়সুলভ,1
হওয়াসহ,1
মাহইয়া‘আহ,1
রয়েও,1
ওয়াইব,1
সহযোগিতায়ই,1
বায়রূহা।,1
"ইয়াইনা,",1
দিয়েছিলেন)।,1
তলায়েই,1
খুৎবায়,1
কয়বার,1
"বর্জনীয়।
একই",1
পাওয়াকে,1
শু'আয়ব,1
"ছিলেন,’আয়িশা",1
পাঠিয়েছিলো।,1
পরিচয়ই,1
বংশীয়া,1
‘উওয়াইনাহ্,1
"করো।
‘আয়িশা",1
পন্হায়,1
কুরায়শগন,1
বসায়নি?,1
বর্ণিতঃসুওয়াইদ,1
"‘আলায়না-,",1
"নয়।
‘আয়িশাহ",1
নয়”-,1
"নিয়েছে।
(ই.ফা.",1
‘হারূরিয়্যা’,1
না।.....আয়াতের,1
কংকরময়।,1
দয়াময়ই,1
‘যাওরা’য়,1
জায়শ’,1
(পায়খানা,1
করিয়েছিল।,1
মু‘আওয়িয,1
আনায়,1
মানবীয়,1
মেয়েদেরকেও।,1
রোগ-শয্যায়,1
বয়োবৃদ্ধ।,1
সন্দেহপরায়ণ।,1
রটিয়েছে;,1
কূয়ায়,1
"মারিজুয়ানা,",1
হুদাইবিয়াবাসীদের,1
পেঁচায়,1
শায়খ!,1
গুনায়ম,1
(ওলীমায়),1
বর্ণিতঃইয়া‘কূব-এর,1
"হয়্।
ইয়াহূদী",1
(পলায়নপর),1
হাররায়,1
আল-লায়ল,1
ছায়া।এখনো,1
অপাংক্তেয়,1
হয়েছিল।),1
ওয়াযিনাতা,1
খওয়াও।,1
ওয়াল্লাহু,1
হায়িজ,1
(মাহইয়া’আহ),1
আঙীনায়,1
মাদিনায়,1
হয়ঃ{مَا,1
হয়?এখনো,1
জানায়নি?,1
ওয়াফ্‌দ,1
ওয়াহ্‌বের,1
দিয়েছিলাম।এখনো,1
(বিষয়গুলো,1
খাওয়াল।,1
(প্রয়োজনের,1
কুরায়যাহ্‌,1
তালবিয়্যাহ্,1
পাঠিয়েছিলেন?,1
জমিয়ে,1
বিধর্মীয়,1
"দিয়েছ,
তাতে",1
(সদাক্বায়ে,1
ধুয়েছেন।এখনো,1
ভয়হীন,1
আল্লাহয়,1
যুনায়মকে,1
"রয়েছে।
আনাস",1
আরাইয়ার,1
নিয়েছিলাম।(আধুনিক,1
ছোয়াদের,1
(ময়লা),1
"প্রয়োজন,",1
ইয়াসারও,1
হয়েছিল?),1
খুবায়র,1
মাথাওয়ালা,1
আয়াতসহ,1
গায়ক’,1
দরজায়।,1
প্রতিযোগীতায়,1
"৫৬০)
(আরবী)
ইয়াহইয়া",1
যাওয়াতে,1
ইয়াহূদীকেই,1
ওয়াকী‘ঈ,1
যিয়ারাতের,1
ওয়াকিফী।,1
(ইয়াহূদীকে,1
"দিয়েছেন।
নিশ্চয়",1
(নবুওয়াতের,1
পেয়েছিলে?,1
‘হায়সা’,1
তাক্ওয়ার,1
"হয়নি।
অতএব,",1
নিয়োগের,1
তিবরিয়্যা,1
চায়?”,1
উমায়রর,1
"দিয়েছেন।
‘আবদুল্লাহ",1
ওয়ারিশদের।,1
বর্ণিতঃ“নিশ্চয়,1
সময়টুকুর,1
উওয়াইসকে,1
মায়বা,1
হনাফিয়্যাহ,1
সমবয়সী),1
সহাবীয়া,1
ইয়াহুদি-,1
সফওয়ান!,1
‘আত্বিয়ার,1
‘উমায়র’,1
সায়িদাহ।,1
যাবতয়ি,1
"ওয়াহী,",1
উরঅয়া,1
(যুহায়র),1
‌‌'উয়াইনাহ,1
(নুবূওয়াতের),1
‘ওয়া’আলাইকুম’,1
ইয়াতাসা,1
শুআয়ব-এর,1
ইয়াইতাহা-,1
হয়-যার,1
গাবায়,1
হিকমতওয়ালা-,1
ইয়াহ্‌ইয়া”,1
পৃষ্ঠপোষকতায়,1
(সম্মানীয়,1
হয়ছে।,1
সাফিয়্যাসহ,1
পর্যায়।,1
যথানিয়মে,1
সামিয়ানার,1
(সওয়াল,1
যায়নব,1
হুরায়রা্হ্,1
গোপনীয়তার,1
জড়িয়েও,1
জুহায়ফাহ,1
‘উরওয়াহ!,1
নৌকাওয়ালাদের,1
"ইয়ালামলাম,",1
"পছন্দনীয়।
‘আলী",1
(হুযায়ফার,1
"করতাম!
‘আয়িশা",1
হুরাইয়াহ্‌,1
(অন্যথায়,1
উপমেয়,1
"ব্যাপার।
যুহায়র",1
ইভয়টি,1
রব্বানা-ওয়ালাকাল,1
উকিয়া),1
"চললেন।
উসায়র",1
রয়েছে।),1
ওয়াযা‘তু,1
বয়সী।,1
দয়ালু।(,1
"ওয়াহ্‌হাব,",1
সাওয়ারীও,1
মু‘ত্বিয়া,1
ইয়ারহামুকুল্লাহ,1
ফিতায়,1
"আশায়।
(ই.ফা.",1
পিতৃপরিচয়ে,1
"শয়তান,",1
শুনিয়েছ।,1
দায়িত্বেই,1
হুয়াই।,1
(শায়বানী,1
বর্ণায়,1
'আওয়ানাহ্‌,1
"হয়।
যুহরী",1
উঠিয়েছি।,1
“ওয়াজ্জাহতু,1
ইয়াহূদীগণ),1
"হুদাইবিয়াহ,",1
ন্যায়ও,1
নির্ণয়ের),1
নোয়ানো,1
শু‘আয়ব-এর,1
"চায়।
সুফ্‌ইয়ান",1
"নিয়েছে।
মূসা",1
কুয়োর,1
(তালবিয়া),1
জাওনিয়াকে,1
সুফইয়ান(রাঃ),1
(দিয়্যাতের),1
‘যুল-হুলায়ফা’য়,1
মুষলধারায়,1
(হুদাইবিয়াতে),1
হয়ও,1
‘আয়িশাহ্‌হ্‌,1
"সত্যায়ন:
“আর",1
(কায়সার),1
খুয়াইলিদ,1
(অর্থাৎ-নির্দ্বিধায়,1
"খুবায়ব,",1
উমাইয়্যাকে,1
হয়েছিল।[৪৯০৮;,1
"আত্নীয়-স্বজন,",1
জাহি্‌লিয়্যাহ,1
তাকিয়েছ?,1
অব্যয়টি,1
দিয়েছিলেন।*,1
‘যুল্ইয়াদাইন’,1
‘জাওয়ামিউল,1
তাওয়াফ-ই-কুদূমের,1
ফাঁসিয়ে,1
দুপায়ের,1
সময়-সীমা,1
ভয়াবহতায়),1
নির্ণায়ক,1
মাহইয়া-,1
ওয়ায্তু,1
মাক্বায়,1
নুমায়র–এর,1
অসীয়তযোগ্য,1
আওয়াজ।),1
হুযায়ফাহ-এর,1
মক্কায়?,1
"যায়।
ইবনু",1
"নয়)।
(ই.ফা.",1
(যাতায়াতের),1
[উহায়ব,1
নৌকাওয়ালারা,1
"করেছ।
যুহায়র",1
"পাঠিয়েছি,",1
শুক্রিয়া,1
পয়গামদাতার,1
বুকায়র-এর,1
জুড়ায়।,1
য়াওজান্‌,1
বাড়িয়েছেঃ,1
যিব্‌নিয়াতুন-এর,1
হাইওয়াহ্‌,1
দিয়েছ)।,1
আয়িম্মায়ে,1
দ্বিতীয়বারের,1
বারান্দায়,1
ক্বইয়্যামুস্‌,1
"যায়।[৬৬৯২,",1
বর্ণিতঃযাকারীয়্যা,1
ওয়াবায়না,1
আরাম-আয়েশ,1
"বিক্রয়,",1
উয়াইস,1
হুয়ায়ল,1
(নাখ্‌য়ী;,1
হৃদয়হীনতা,1
কাঁপিয়ে,1
সা’য়িদী,1
বর্ণিতঃদ্বিতীয়,1
বর্ণিতঃওয়ায়িল,1
"সুফ্‌ইয়ান,",1
"চূড়ায়,",1
আদায়কৃত),1
যায়নি)।,1
"নিউমুনিয়া,",1
দেখাশুনায়,1
খেয়ালই,1
"ন্যায়পরায়ণ,",1
শাহওয়ালিউল্লাহ,1
"ত্বায়ী,",1
ফাটিয়ে),1
যবানিয়াকে,1
জয়লাভের,1
মিসওয়ার!,1
উন্নয়নের,1
বর্ণিতঃউওয়ায়সী,1
ওয়ারিসগণ),1
এমতবস্থায়,1
গিয়েছে)।,1
করায়ত্বে,1
‘বিদায়,1
ক্বায়স!,1
ইয়াখ্‌শা‘উ,1
বাতহায়,1
(আওয়াজ),1
‘ওয়াকীয’,1
যায়িদকে,1
দুই-তৃতীয়াংশ?,1
লাগিয়েছে?,1
নিয়েছেন)।,1
কা-ফিয়া,1
পেয়েও,1
ওয়াসিয়্যত,1
ওয়াল্‌লা‘নত’,1
লায়সা,1
(নিশ্চয়ই),1
(খুতবায়),1
(কয়েকটি,1
(সাজিয়ে),1
ক্রমধারায়,1
হয়”?,1
"অপছন্দনীয়,",1
‘লাহইয়ে,1
খায়;,1
‘হাফয়া’,1
(দীর্ঘস্থায়ী,1
‘আওয়ানাহ্‌,1
বায়তুল্লাহ্‌তে,1
মুয়াখ্খিরু,1
কুদায়দের,1
জটিলতায়,1
(আটকিয়ে,1
“জায়শুল,1
সেয়া,1
কাব্যময়,1
(ইয়াহূদীদেরকে),1
সঞ্চায়,1
মুত’য়িম,1
চক্ষুদ্বয়।,1
(ন্যায়সঙ্গতভাবে,1
"বিয়ার,",1
(আবিসিনিয়ায়,1
"দেয়া,
২.",1
"আকওয়া'!
তুমি",1
"করেছে।
সুফ্ইয়ান",1
সমুদয়কে,1
“ইয়াহূদী,1
নিয়েছেন।[১৮৩৫;,1
তলোয়ার।এখনো,1
ক্রয়-করা-এসব,1
মাহ্ইয়া-হা,1
উতড়িয়ে,1
ওয়ারক্বা,1
"চালায়।”
তখন",1
"যায়।
এ",1
"হয়,তা",1
আলাপ-আলোচনায়,1
শাওওয়াল,1
বেরিয়েও,1
(যাওয়ার,1
কপিতয়,1
উলামায়ে,1
(বাস্তবায়িত,1
ওয়াবিল,1
"১২৭)।
‘আয়িশা",1
যেতেন।‘আয়িশাহ,1
ভাসিয়ে,1
“উরুয়াতুল,1
গিয়েছেন-,1
(পিঁয়াজ,1
(খাওয়াকে),1
দাহ্্ইয়াতুল,1
পিঁপড়ায়,1
"ব্যয়,",1
ছিয়াশি,1
সালাওয়া-তু,1
ফিরিয়েছে,1
"আশ্রয়স্থল।”
তিনি",1
সওয়ারীতে।,1
‘তলোয়ারের,1
বাক-বিতন্ডায়,1
দয়াময়।”,1
পঠিয়েছেন,1
পেয়েছো।,1
সম্প্রদায়টি,1
ওয়াকি‘,1
উভয়টাতে,1
বুয়ুতিকুম”,1
মক্কা-মদীনায়,1
পাওয়ায়,1
রুবাঈয়ের,1
‘যূ-তুওয়া’য়,1
রিওয়ায়াতে।,1
বাজারিয়া,1
"হয়েছিলো,",1
(ধুয়া)।,1
আছে-কয়েক,1
হুইয়াই।,1
হুওয়ায়ইরিস,1
দেয়।[মুসলিম,1
জানোয়ারটির,1
‘ওয়ালায্,1
কয়েকগুন,1
হুনায়ন।,1
দুনিয়াদারী,1
(তৃষ্ণায়,1
আরমিনিয়া,1
চেয়েছিল?,1
"বয়স্কা,",1
(দিয়াত),1
বয়স্কদেরকে,1
দিয়েছ!,1
সন্দেহ-সংশয়,1
"ইয়ামূতূন”,",1
(শায়িত),1
হয়েছিল],1
জানিয়াছেন,1
পায়নি।(আধুনিক,1
হয়েছেন;,1
('উরওয়াহ্‌),1
উলটিয়ে,1
হিদায়াতই,1
রয়েছে)।,1
হুদাইবিয়াহ্‌য়,1
বসায়নি।,1
বিলমা-য়ি,1
পয়গাম),1
"চাপড়ায়,",1
আনয়নের,1
কাটিয়েছিলেন,1
ত্বইয়্যিবাম্‌,1
গেয়েছিল।,1
ত্বায়িফের,1
‘আায়িশাহ,1
ওয়ালাও,1
লুকিয়েছি;,1
দিতাম।লায়স,1
বর্ণিতঃইয়ারমুকের,1
ওয়াদার,1
'আয়িশাহ্‌!,1
যন্ত্রনায়।,1
‘কিয়ামাতের,1
ওয়ালিমায়,1
"ঘোড়ায়,",1
শা্নূয়াহ,1
মেয়েদেরও,1
স্নায়ুতন্ত্রের,1
দিয়েছিলেন।কাজেই,1
বর্ণিতঃদাওয়াতুল,1
ইয়াহ্‌সাবী,1
"জানোয়ারকে,",1
শানুয়াহ,1
জল্পনায়,1
হুরায়রা্‌!,1
আরওয়ার,1
নাখীয়া,1
রিদওয়ানেও,1
ফোয়ারার,1
ওয়াসাল্লাম)-কে),1
মুখাবয়বের,1
ওয়াসাও্‌,1
‘আ-য়িযান্,1
মুসাইয়্যেব,1
‘আলা-নিয়াতাহু,1
অসীয়তের,1
ওয়া’ফু,1
কোথায়?”,1
হয়।””,1
খেয়ানাত,1
সফ্ওয়ান!,1
’আয়িশাহ্(রাঃ),1
(ক্ষুধায়),1
‘মাদীনায়,1
সময়টিতে,1
মাউনায়,1
জায়গায়),1
বিজয়মালা,1
কায়িমকারীদেরকে,1
ইয়ান্‌ফা’উ,1
"জানিয়েছি,",1
কু‘আয়স।,1
বয়স্ক।,1
হাসবায়,1
(আল-মায়িদাহ:,1
তৃতীয়বার),1
ওয়ালীমাতে,1
ছায়া-তলেই,1
"বসায়,",1
(শায়ত্বন),1
নিয়েছিলে?,1
‘রাইয়্যান’,1
হয়েছ।(আধুনিক,1
তিয়াওয়াত,1
"পেয়েছি।
তখন",1
নৌকাওয়ালাকে,1
(সুওয়াইদ,1
যায়দকে।,1
চাপড়িয়ে,1
দেয়।[১],1
‘‘উরওয়াহ,1
নয়।[৬৮৭৪;,1
হয়েছিল।”,1
দা‘ওয়াতিন,1
সময়কালের,1
নিন্দায়,1
"দিয়েছেন।
রাবী",1
হওয়াটা।,1
ভয়স্কর,1
বাড়িয়েছিলাম।,1
সায়িদকে,1
"ঘুমিয়েছিলেন,",1
‘জুওয়াইরিইয়াহ,1
আয়য়ূব,1
নিকটাত্মীয়’।,1
উতলিয়ে,1
পিটিয়েছেন।,1
আদাব-কায়দা,1
সফিয়্যাহ।,1
ওয়াহ্ব–এর,1
দেহইয়া,1
"হাওয়ারী।
সুফিয়ান",1
যাকারিয়্যা-এর,1
ইয়ারটি,1
অসহায়;,1
"মাদীনায়,",1
অশ্রুধারায়,1
‘বায়যা’,1
উমায়্যাহ্,1
কেনাবেচায়,1
কথিপয়,1
‘সায়িবাহ্’,1
সম্প্রদায়ভুক্ত,1
আবাওয়া,1
রিয়াওয়াত,1
করুণাময়ের,1
"গলিয়ে,",1
বর্ণিতঃউহায়ব,1
শায়খের,1
‘বুয়াইরা’,1
"হয়।
ইয়াযীদ",1
নেয়;,1
"জারিয়াতী,",1
গন্ডদ্বয়,1
ইয়ামনবাসী,1
বিষক্রিয়ার,1
"দেয়।
রাবী",1
বায়'আত,1
বুওয়াইরাই,1
"হায়রে,",1
গায়ে),1
রয়েছে”।,1
সওয়ারী।,1
পয়ত্রিশ,1
জুলায়বীবকে,1
"যায়।
যুহায়র",1
"করেছিলেন।
‘উরওয়াহ্",1
প্রাপ্তবয়স্কা,1
বর্ণিতঃবুকায়র,1
(সওয়ারীতে),1
"যায়।
ইয়াহ্‌ইয়া",1
আত্তাহিয়্যা-তুল-মুবা-রাকা-তুস,1
(তায়ালিসাহ্),1
(দায়িত্ব),1
বয়োবৃদ্ধে,1
মু‘আবিয়াহ্‌র,1
‘আবে-হায়াত’,1
"নয়।
সুফ্ইয়ান",1
ওয়ালিদকে,1
বিপর্যয়টি,1
"যায়।
‘আম্‌র",1
লাগানেওয়ালা,1
"দাও।
‘উরওয়া",1
আবূউসায়দ,1
তাইয়্যিবা-তুস্,1
ওয়া‘আ-ফিহী,1
বর্ণিতঃসুলায়মান,1
নেয়।”,1
"ওয়ালিদ,",1
"করেছেন।
যুবায়দী",1
কুয়াশার,1
জায়গাগুলোতে,1
বরইয়ের,1
ছয়-সাত,1
প্রিয়)।,1
মুসাইয়্যাব-এর,1
কাদিসিয়াতে,1
পালিয়েছিলেন?,1
আদায়কারীদেরকে,1
(বিয়ের,1
আশ-শায়বানী,1
"বলতেনঃ
“হায়!",1
হুলায়ফা’র,1
"দুনিয়ায়,",1
আহ্ইয়া-না-,1
"থাকলেন।
সূর্যোদয়ের",1
ফয়সালাই,1
'আমালনামায়,1
বিষয়াদির,1
ওয়াদাভঙ্গকারী।,1
বয়োবৃদ্ধকালে।,1
"বলতেনঃ
হায়!",1
‘হায়দার’,1
"পর্যায়ের,",1
(বিনয়),1
কল্পনায়ও,1
"হবে।

বাই‘য়ি",1
হয়ত।”,1
রয়েছে)-কেও,1
তাইয়াহ্,1
জুহ্‌ফায়,1
(জানাযায়),1
ওয়াক্বিহী,1
ধুলিময়,1
বর্ণিতঃয়াযীদ,1
দয়াপরবশ,1
ইয়াগফিরুয্,1
শিখায়।(আধুনিক,1
মুয়ায্‌যিনগণ,1
নিয়মানুবর্তিতা,1
[‘আয়িশাহ্(রাঃ)–এর],1
আলায়কুম’,1
বর্ণিতঃই’য়ালা,1
আয়াতগুলো),1
সফ্ওয়ান-,1
আকওয়া’-এর,1
কুরায়াশ,1
“আয়ুষ্কাল,1
রয়েছে...,1
বিক্রয়লব্ধ,1
দুর্গন্ধময়।এখনো,1
"করেছেন।
‘উকায়ল",1
ওয়াদাগুলো,1
‘উসায়ইয়্যাহ্‌,1
টাঙিয়েছিলাম।,1
খেলাধূলায়,1
হওয়াও,1
দেয়নি।এখনো,1
হয়ে।এখনো,1
দায়িত্ব-কর্তব্য-অঙ্গীকার,1
"নয়।
যে",1
'উমরায়,1
(আকর্ষণীয়,1
ইহরামাবস্থায়,1
(মুতায়,1
বেহায়াপনা,1
"বিষক্রিয়া,",1
বাধায়।,1
সময়সূচী,1
সাজাদায়,1
হুরাইয়া!,1
“মুওয়াজ্জেহ”,1
‘আয়িশাহ্হ,1
ওয়া-আলাইকুম,1
বাঁকিয়ে,1
"চেয়েছিলে,",1
ইয়াহিইয়া,1
৩৬০২)ইয়াযিদ,1
রিযওয়ানে,1
জায়গাগুলোতে,1
মোলায়েম।,1
চাটিয়ে,1
চিবায়।এখনো,1
মু’য়ায,1
বায়তুল্লাহ্য়),1
জুগিয়েছে।,1
"৫৪০৬)
সুফ্‌ইয়ান",1
ইয়াসরিব।,1
"আঁকায়,",1
জামরায়ে,1
মুযদালিফায়)।’এখনো,1
আপ্যায়ণ,1
ঊদয়,1
হেদায়েতপ্রাপ্তদের,1
"হয়েছে।
আল্লাহ্‌",1
সাধ্যানুযায়ী,1
রিওয়ায়াতকারী],1
দিয়েছি।(১৭৯৬)এখনো,1
দুনিয়াবাসীর,1
ইয়াওমন,1
"দাঁড়িপাল্লায়,",1
বয়োঃজ্যেষ্ঠ,1
আল-মুয়ায্‌যিন,1
‘এগিয়ে,1
ওয়া‘ফু,1
‘গোছায়’,1
সওয়ারীর),1
ইলায়া,1
ইয়াস্রিব।,1
ছেলে-মেয়ের,1
সায়ফ।,1
রয়েছে]।এখনো,1
কু’আয়াসের,1
জানায়িব”-এ,1
মহিলাদ্বয়,1
সংকটময়।,1
চতুষ্টয়ের,1
জায়গারূপে,1
দেয়ায়),1
"দণ্ডায়মান,",1
আশ্ওয়া’,1
সূওয়ায়দ,1
তলোয়ারসমূহ,1
(সবিষ্ময়ে),1
(মায়মূনাহ্),1
কামিয়েছিলেন।এখনো,1
খাওয়ালাম।,1
জুবায়ব,1
সায়িবও,1
দুনিয়াবাসী-অবিশ্বাসী।”,1
‘উযায়র-এর।,1
"বিনা-সিয়াতিহি,",1
(‘আয়িশাহকে),1
বর্ণিতঃমু‘আবিয়াহ্,1
অভ্যুদয়,1
সুওয়ারাহূ”,1
সিকায়াহ্’,1
তায়ালিসার,1
‘আ-লাইয়তা,1
প্রান্তদ্বয়,1
হাদিয়্যাহ্‌।,1
"দেখিয়েছেন।
আর",1
"দোয়াত,",1
"নেয়।
(৩)",1
"দিয়েছিলাম।
এদিকে",1
"নিয়েছো।”
হাদীসের",1
প্রাণবায়ু,1
বললেনঃসময়,1
ঠিকসময়ে,1
"হওয়া।
পারিবারিক",1
নির্ণয়),1
সুলায়ম)-এর,1
উপায়-অবকাশ,1
ওয়াহ্শী!,1
তইয়্যিবা-তু,1
সুওয়ায়েদ,1
"হয়;
(২)",1
জানিয়েছিলেন।,1
রুযায়ককে,1
চাপিয়েছিলে।,1
সওয়ারও,1
সওয়মরত,1
বর্ণিতঃইয়ালা,1
কল্যাণময়।),1
মরয়াম,1
বায়হাকী,1
(বয়সের)।,1
‘শাজারায়’,1
চরায়নি,1
বয়ন,1
সক্রিয়ভাবে,1
ওয়ারসুলুহু”,1
ওয়াস্ক।,1
জুরায়জের।,1
চরিয়েছিলে?,1
"করলেন।
আয়িশাহ্‌",1
"ওয়াকই’আহ,",1
ধাওয়ার,1
বিনিময়।এখনো,1
"না।
যুহায়রের",1
ওয়ালা-ইলা-হা,1
সুরুয়ায়,1
মায়তান,1
যায়।(ই.ফা.,1
“দেয়ালে,1
"দিয়েছেন।
ইয়াহ্‌ইয়া",1
খায়।[৫৩৯৪;,1
জারিয়াহ্‌,1
দোটানায়,1
উওয়াইসের,1
নিয়মিতভাবে,1
সলাওয়া-তুত্,1
যাওয়াকালে,1
তুফায়লের,1
"পরায়,",1
কয়েকটা,1
অল্পস্থয়ী।,1
‘ওয়াসাত’,1
হিবারা-ইয়ামনী,1
আমতাবস্থায়,1
-(মারইয়াম:,1
দুখায়শিন),1
করনীয়,1
(ইয়াযীদকে),1
ইয়ামামী,1
আত্মীয়গণ।(আধুনিক,1
লূয়াই,1
মৃত্তিকায়,1
প্রচেষ্টায়,1
আছে”-(মারইয়াম,1
(মদিনা্য়),1
ইয়া’কূব-এর,1
খাও্‌ওয়াত,1
বর্ণিতঃওয়াকী’র,1
(উভয়ের),1
ভাষায়ই,1
মু’আবিয়াহকে,1
(এতদুভয়ের,1
(জিযইয়াহ,1
ব্যাথায়,1
হায়েস,1
"হয়।
আ’মাশ",1
ওসিয়্যাত,1
"সদাকাহ।
‘আয়িশাহ",1
ফুযায়লের,1
নিয়েছিলেন)।,1
পোহায়েছি।,1
বাস্তবায়নের,1
"শোনায়,",1
বিয়াল্লিশ,1
আওয়ানাহ্র),1
ওয়া‘দাও,1
বর্ণিতঃওয়াহী,1
বুসায়সা,1
পরম্পরায়),1
শারীয়াত,1
পাঠিয়েছিলেন;,1
আশ্রয়হীন,1
পাতাওয়ালা,1
"রয়েছে।
আর",1
(বিদায়ী),1
ঘুমিয়েছেন?,1
আশ্রয়ও,1
সুগন্ধিময়।,1
বিধানানুযায়ী,1
নাসিয়াহ্‌,1
মুয়াইত,1
তলায়),1
ইয়াদায়কা,1
(সংশয়বাদী,1
আটকিয়েছিল?,1
বয়স্ককে,1
সায়ী’দী,1
জোরওয়ালাকে,1
“ওয়াজ্‘আলনী,1
বর্ণিতঃইয়াহুদীরা,1
জলাশয়ে’,1
মুওয়ায্‌যিনদের,1
‘উরাওয়াহ,1
দেয়।[৪৬],1
"করেন।
‘আয়িশা",1
শিখিয়েছেন-,1
মাহ্ইয়া‘আহ্,1
(জিযিয়া),1
তিলাওয়াতকালে,1
(অস্থায়ী),1
কর্মবিধায়ক!,1
আহওয়ার,1
পাকিয়েছে।,1
‘জাওয়ানিয়্যাহ্’,1
নুফায়লকে,1
হিদায়াতপ্রাপ্তের,1
আয়ত্বের,1
আত্মমর্যাদায়,1
যিয়া-দাতান্,1
লাগিয়েছিলাম,1
জুয়ায়জ,1
হামযায়,1
ওয়াবারাকা-তুহ্,1
কায়সার-এর,1
তাওয়াক্‌কুল,1
মা-য়িল,1
যুগিয়েছে?,1
‘ফারওয়াহ্,1
“ক্বিয়ামাতের,1
শ্রেয়তম।,1
দু'ভাইয়ের,1
বর্ণিতঃ‘আয়েশা,1
বয়োজ্যেষ্ঠদেরকে,1
মনোনয়ন,1
পেয়ালা।(আধুনিক,1
উপত্যকায়।,1
আয়াত;,1
জায়গাটিই,1
সকাল-সন্ধায়,1
‘আয়লা’,1
(সম্প্রদায়কে),1
ব্যয়ই,1
দয়ালু”-(সূরাহ,1
হালুয়া)।,1
যাওয়া-লি,1
আতিথেয়তাও,1
পড়িয়েছিলেন।,1
বর্ণিতঃযায়নাব,1
'উমায়র!,1
(পবিত্রাবস্থায়),1
জরায়ুকে,1
কলিজায়’,1
দায়িত্বসমূহের,1
দেয়ালমুখী,1
নিয়্যাতে),1
দয়াবশতঃ,1
(ইয়ামানে),1
ইয়া‘মার),1
আরামদায়ক,1
আয়াত)-এর,1
ফায়-এর,1
হায়া-তা,1
চরিয়েছেন?,1
হাকিয়ে,1
নেয়নি।,1
(ন্যায়পরায়ণ,1
চুকিয়ে,1
মায়সারাহ্,1
"যন্ত্রণাদায়ক,",1
ছিয়াত্তর,1
ইয়া‘জূজ-মা‘জূজ,1
সওয়ার),1
প্রয়োগসহ,1
"ঘুমায়,",1
খুনায়স,1
নুফায়লের,1
ওয়াসিলাহ্তে,1
স্নেহপরায়ণদের,1
কুয়াবাসীদের,1
কায়েস-এর,1
ওয়াক্বক্বাস,1
ওয়ামা–,1
"করেন।
সুলায়মান",1
মু’আবীয়াহ,1
(বিনিময়ের,1
(নুবায়হ),1
দিয়েছিল),1
নিয়তেও,1
(পরিধেয়),1
(অন্যায়),1
ইয়াস্রিব-,1
পৌছায়,1
"৪১৯৪)
ইয়াহ্ইয়া",1
‘উয়াইনাহ্‌-এর,1
"কলেরায়,",1
দেয়।[৫৭],1
চেয়েছিলাম?,1
মুতওয়াল্লীর,1
(উমাইয়াহ্‌কে,1
হমায়দ,1
দারাওয়ারদী,1
সিয়া্মের,1
নুসায়বার,1
যবায়র,1
ছায়াপূর্ণ,1
"হয়েছে।
ইয়াহ্‌ইয়া",1
মারওয়ান-এর,1
যুআয়বকে,1
উঠিয়েই,1
হয়েছিল”,1
ওয়ায-নাসীহাতের,1
পোঁছিয়ে,1
বর্ণিতঃমু’আবিয়াহ্,1
ওয়াহীও,1
"ধোঁয়া,",1
[সাফিয়্যাহ্‌,1
"বলয়,",1
পায়না,1
আশায়),1
পলায়নও,1
আব্‌ইয়াযা,1
ইছানুযায়ী,1
খুওয়াইলিদের,1
‘আসওয়াদ’–এর,1
দর্শনীয়,1
সম্প্রদায়সমূহ,1
“সূর্যোদয়,1
খুত্‌বা্‌য়,1
ইলিয়া,1
উসইয়াহ,1
(লায়স),1
"বিনিময়,",1
শাইয়া,1
পলায়নকারী,1
লিহ্‌য়ানের,1
ওয়াজ্‌হিয়া,1
পছন্দনীয়া,1
তাড়াহুড়োয়,1
(মু’আবিয়াহ),1
ঠকিয়েছি।,1
(জায়গা,1
অন্যায়ের,1
নিয়েছো।এখনো,1
"গিয়েছিল।
(বর্ণনাকারী)",1
আসলামীয়া,1
সুফ্ইয়ানকে),1
‘আয়িশাহ্‌(রাঃ)-কে,1
যন্ত্রণায়।,1
জানোয়ারও,1
বর্ণিতঃদেউলিয়া,1
আসদিয়্যাহ্”,1
প্রায়-,1
"চেয়েছ,",1
ছয়চল্লিশ,1
তাকায়?,1
হয়)।এখনো,1
(সময়ের),1
শায়বা-,1
নাবী-তনয়,1
(হাওয়াযিনের,1
হুওয়াইরিস-এর,1
জামিয়াতুন’,1
(হায়যকাল,1
বায়ত),1
(মিলিয়ে),1
করায়নি।,1
"এলাকায়,",1
[‘আয়িশাহ(রাঃ)-কে,1
হয়তোবা,1
হুবায়রার,1
নিশ্চয়ই্,1
ধুয়ে-মুছে,1
‘রুওয়ায়ছা’র,1
হায়যগ্রস্তা।,1
হুয়াঈ-এর,1
কিরায়াত,1
গুটিয়েও,1
নবীয়াল্লাহ!,1
(ন্যায়ের),1
সমবয়স্কা।,1
মুহাম্মাদিয়াহকে,1
দিয়েছেন-যার,1
মায়েদের,1
"গেলেন।
কুরায়শগণ",1
পছন্দনীয়;,1
পূণরায়,1
যাওয়া....।,1
হানাফিয়াহ,1
আওয়ামকে,1
“(ক্বিয়ামতের,1
"ফিরিয়ে,",1
"শান-শওকাতময়,",1
(মুয়াত্তা,1
আরওয়ান’,1
হারিয়েছি।,1
ওয়াসাল্লাম)-ও,1
ওয়াইন্না,1
সালামায়,1
(তাহিয়্যাতুল–মসজিদ,1
ওয়াহিদের,1
"করিয়েছিলাম।
আবূ",1
জিরায়,1
(হস্তদ্বয়,1
পরিভাষায়),1
দুলিয়েছেন’,1
উটওয়ালাদের,1
ছয়টি।,1
হুনায়ফ),1
সাবায়ীর,1
হায়সু,1
হুকায়ক,1
প্রিয়পাত্রী।,1
‘যুল-ইয়াদাইন’,1
দিয়েছেন;(২),1
আসওয়াদ-,1
স্থায়িত্বের,1
আনলায়,1
ছেলেমেয়েদের,1
রুযায়ক্ব,1
কথাবার্তায়),1
দুনিয়াই,1
হুদায়বিয়াহ্র,1
পাথেয়রূপে,1
অভ্যূদয়ের,1
যোগ্যতায়,1
‘মুয়াল্লাফাতুল,1
বুওয়াত্,1
সুফ্ইয়ানেররিওয়ায়াতে,1
মু’আব্‌বিযাতায়ন,1
উদয়াস্ত,1
সা'য়ী,1
"হয়।
ইবনু",1
বর্ণিতঃসওয়ারীর,1
আটকাবস্থায়,1
তাওয়াফ-এর,1
বেরিয়েছিলাম।,1
"ইয়াহূদী,",1
রয়েছে”-(আল-আহযাবঃ,1
হওয়াইয়াসা,1
‘সময়,1
বিলায়াতকে,1
"(প্রস্রাব-পায়খানা),",1
মেয়াদকালে),1
ধাওয়াকারীদের,1
সময়।(আধুনিক,1
যাকওয়ান),1
নয়জনের,1
"করে)।
সুফ্‌ইয়ান",1
(কুতায়বাহ্‌),1
ওয়াসিওয়াত,1
বর্ণিতঃ‘হুদাইবিয়াহ,1
ওয়াহশী,1
অনিদ্রায়,1
বাইয়্যিনাহ্)পড়ে,1
‘ওয়াইহাকা’,1
বয়ঃপ্রাপ্ত।,1
পৌছিয়েছি?,1
শয়তানটিকে,1
হয়েছিল..............”-(সূরা,1
পেয়েছন,1
ন্যায়সঙ্গতই,1
জনিয়েছেন,1
ওয়াযাক্কিহা-আন্‌তা,1
যায়দ-মাযিনী,1
"৪৪১৫)
সুফ্ইয়ান",1
খবর-পাওয়া,1
(বয়সে),1
পানীয়।,1
ওয়া‘তারাফ্‌তু,1
(দেয়ালের,1
ভোরবেলায়,1
"ছয়,",1
আতিথেয়তা।,1
হয়।[১৯০৮;,1
রাস্তায়ই,1
পর্বতদ্বয়ের,1
হৃদয়ের।,1
“ওয়াজ্জাহ্‌তু,1
আপ্যায়নপ্রিয়,1
ন্যায়’।(আধুনিক,1
হুদীগায়ক,1
বললেনঃখায়বার,1
"'নু'আয়ম,",1
হয়’।,1
মায়িয,1
বসিয়েছে।,1
পাঠিয়েছেন।এখনো,1
(নয়,1
ভুক্তনয়”,1
"করেছিল।
সুফ্ইয়ান",1
তালোয়ার,1
খাটিয়েছিলেন।,1
আশংকায়’,1
"হয়েছে।
রাবী",1
ইয়াযীদ!,1
নুবূয়াতপ্রাপ্ত,1
সময়ের।এখনো,1
(গায়ের),1
সন্ধ্যায়ই,1
"করেছেন।
বুকায়র",1
শিখেয়ে,1
কাটায়,1
চিরনিদ্রায়,1
ওয়াজ্জাহ্তু,1
মু’আবিয়ায়,1
কসওয়া,1
জামানায়,1
হওয়ারই”,1
আওযায়ীকে,1
আনন্দদায়ক।,1
ছড়িয়েছে,1
‘কালো-সাদায়,1
বর্ণিতঃ‘উমায়র,1
‘আম্বিয়া’,1
সায়ফকে,1
নিথ্যায়,1
(মোতায়েন),1
শায়খদের,1
(মেয়ে,1
হয়েছ;,1
"হয়।
আনাস",1
ময়দানের),1
‘শুআয়ব,1
যয়নবের,1
শায়বানীর,1
বর্নণানুযায়ী,1
জারওয়াল,1
অতিথিপরায়ণের,1
"নয়।”
শু’বাহ্‌",1
আওয়ানাহ্‌-এর,1
মায়সারার,1
দিয়েছেন।তিনি,1
তায়ইয়্যাহ-এর,1
ও’য়াদাও,1
নয়।[মুসলিম,1
আত্তাহিয়্যাতুত্,1
উমাইয়াহ্কে,1
সফিয়া,1
ইয়া’ফুর,1
"নয়।
ইবনু",1
ইয়াগ্‌ফিরুয্‌,1
আশ্জায়ী,1
মুআওব্বিযাতায়ন,1
বড়টি-(আম্বিয়াঃ,1
বাইয়্যাত,1
দায়িত্ব।-,1
"আয়াতটি,",1
নিয়মকানুন,1
ছায়াপাত,1
(বায়’আতের,1
তুওয়াইত।,1
হৃদয়-মনে,1
দয়ালূ।,1
চর্বিওয়ালা,1
পয়গম্বরগণ,1
তাকিয়েও,1
আদর্শস্থানীয়।,1
কুরায়শগণ!,1
যুল-হুলায়ফাহ’র,1
দণ্ডনীয়,1
রুয়াইবাহ্‌,1
ভয়ানক।এখনো,1
নিয়মতান্ত্রিকতায়,1
তাকৎওয়ালাকেও,1
নয়খানা,1
বর্ণিতঃ‘কুদায়দ’,1
"দিয়াছ,",1
ধীরগামিতায়,1
ওয়াদির,1
"চাটায়।
...",1
ইয়ামানকে,1
(পূর্বাবস্থায়),1
কমায়,1
খাদ্য-পানীয়,1
নয়I,1
ওয়াসীলার,1
"আয়ু,",1
ফিরিয়েছিলেন।এখনো,1
"৩৩:৫)।
শায়খ",1
ন্যায়;,1
"লাবণ্যময়,",1
উত্তরাঞ্চলীয়,1
যুবায়েরই,1
বুয়ায়দাহ্,1
‘ভয়,1
রয়েছে-এ,1
কুফায়।,1
(সওয়াব)।এখনো,1
ফতওয়া,1
পছন্দনীয়টি,1
লি'আনকারীদ্বয়কে,1
ওয়াহ্শী?,1
খতা-ইয়া-ইয়া,1
বয়োজ্যেষ্ঠরা।,1
ওয়ারিশগণ,1
‘আয়িশা(রাঃ)-এর,1
"জড়িয়ে,",1
দিয়া-রি,1
মদ্যপায়ীও,1
সায়্যার,1
পাঠিয়েছো,1
দিয়েছিলেন?এখনো,1
সাফিয়্যাহ!,1
“বায়দা”,1
বিধায়),1
(ওয়াক্তের),1
ওয়ালীদ।,1
খেয়েছো,1
মুকাবালায়।,1
দিয়েছেন’-,1
মায়া-মমতা,1
বয়সে।,1
রয়েছে)-(সূরাহ,1
‘মারিয়া’,1
রুবায়্যি’,1
"আকওয়া’,",1
"বিনিময়ে।
ইবনু",1
(কতিপয়,1
"বসিয়েছে?
তারা",1
দাঁড়িয়েছিল।(আধুনিক,1
(হাতিয়ার,1
মদিনাহ্‌য়,1
"উঠিয়েছে,",1
তুফায়ল।,1
“ইয়ামানবাসীগণ,1
আন্‌সারীয়াহ,1
পেয়েই,1
আয়াতেতোমরা,1
উকীয়ার,1
ওয়াক্বাওলুকাল,1
বিষয়-সম্পত্তি,1
"পড়ত।
লায়স-এর",1
আওয়ানী’,1
বর্ণিতঃসুহায়ল(রহঃ)-,1
‘আস্‌ওয়াদ,1
খিয়ানতকারী।এখনো,1
দিয়েছিল”-,1
ন্যায়”,1
দোয়াত),1
নখরওয়ালা,1
হয়েছে-বললেন!,1
এলাকায়।(আধুনিক,1
ওয়াসিলায়,1
বুশায়রও,1
"ওয়াসাল্লাম),",1
আয়াতসমূহে,1
বাধিয়ে,1
নিয়ামাতরাশির,1
জুবায়ির,1
‘উবায়দুল্লাহ্‌-এর,1
বেলায়?,1
ঝটকায়,1
দেওয়ালটি,1
হয়নি”-(সুরা,1
'ইয়া',1
ধুইয়ে,1
(বিজয়ীর,1
জায়গায়?,1
সংশয়করছি।,1
দিয়েছিলে।(আধুনিক,1
"সময়ে,",1
ইয়াকুন,1
পাকিয়েছি।,1
নিকটাত্মীয়দেরকে,1
আবওয়াহ,1
ভয়াল,1
(ওয়াহীর),1
দু'ওয়াক্ত,1
কিয়ামুল্‌,1
রিওয়ায়াতকৃত,1
কিয়াস-যা,1
কব্জিদ্বয়,1
যায়”-(সূরাহ,1
"হয়।
তারপর",1
আহ্ওয়াস-এর,1
"ওয়াস্তে,",1
সালায়মের,1
দায়িত্বশীলদের,1
বিজয়ও,1
প্রয়োজনীয়,1
ডোরাওয়ালা,1
অলঙ্ঘনীয়,1
আটকিয়েই,1
ওঠায়।(আধুনিক,1
কবিতায়),1
নিকট-আত্মীয়দেরকে,1
চেয়েছে।,1
পলায়নরত,1
সুমাইয়্যার,1
"অংশকে।
যায়দ",1
প্রিয়তম।,1
ওয়াররাদ,1
মু’আওয়ামাহ্‌।,1
মুযদালাফায়,1
বর্ণিতঃ‘উয়াইমির,1
সওয়াবযুক্ত,1
ইয়ামেনের,1
‘আয়ির,1
'উমাইয়াহ,1
এমতাবস্থায়ই,1
বাঁয়ের,1
ওয়াতবাহ,1
"চেয়েছেন।[৫৮২৯,",1
"দেখিয়েছেন,
তাই",1
সুখায়র,1
পাঠিয়েছেন”?,1
ওয়াহদিনী,1
হত্যায়,1
সদাকাহ-খয়রাত,1
হয়।‘আয়িশাহ,1
তাওয়াফ।,1
উমাইয়াহ্‌),1
গাদায়,1
আয়াতটুকুও,1
রুফাইয়’,1
অসহায়ত্ব,1
নিয়েছিল”,1
"(রাঃ)।
যুহায়র",1
জুবায়রকে,1
"মুসায়্যাব,",1
"৪৪৪৪)
যুহায়র",1
জুহফায়,1
“ইয়ার্হামুকাল্ল-হ”,1
“খাওয়া,1
সময়টুকুই,1
খুওয়াইলিদকে,1
হয়েছিলো),1
"নিতেন।
‘আয়িশা",1
কুও্ওয়াতা,1
.........ওয়াল,1
(তায়াম্মুমের,1
কোথায়”?,1
(ধোঁয়া),1
কূয়াটি,1
নেতৃস্হায়ী,1
সাইয়্যিআহা-লা-,1
দেয়েছেন।এখনো,1
শোয়ালেন।,1
প্রশান্তিদায়ক।,1
সুয়ারদ,1
আশজা‘য়ী,1
আয়ত্ত্ব,1
ক্বায়স(রাঃ)-কে,1
দেয়’,1
রাবিয়াকে,1
কায়েমের,1
আত্নীয়স্বজন,1
আওওয়ালুহু,1
হারূরিয়্যাহ,1
(বিক্রয়কৃত),1
"(‘আয়িশাহ),",1
শায়আম্‌,1
সমন্বয়ে,1
ক্বায়স(রাঃ)],1
ন্যায়সঙ্গত।,1
তাওয়াফরত,1
কুলায়বী,1
বিষাক্ততায়)।,1
ইয়া’কুব।,1
চায়)?,1
হয়ঃএখনো,1
ওয়াইলের,1
আকওয়াহ,1
মুতয়িম),1
লি’য়ানকারী,1
গায়িকাও,1
আইয়্যাস,1
(কুরায়ব),1
"৯/৩৪)
মু‘আবিয়াহ",1
তুফায়ল!,1
‘ওয়ালা”,1
(খুত্‌বায়),1
(ইয়ারহামুকাল্লাহু,1
"চার।
‘আয়িশা",1
যেয়োনা।,1
সঞ্চয়’।,1
সওয়ারীগুলোর,1
"আছি।
‘আয়িশা",1
ওয়াক্তসমূহ।,1
আসলামিয়া,1
তাড়াহুড়ায়,1
সুবায়’আহ্‌,1
এমনসময়,1
সাইয়াদ-এর,1
(সন্ধ্যায়),1
উবাইয়ের,1
[ওয়াসী,1
পাঠীয়েছি।,1
কমনীয়তার,1
মু’য়াইত,1
জাকারিয়া,1
সুমাইয়্যাহ্,1
'আলায়কা,1
“আত্তাহিয়্যাতু”,1
“উয়াইনাহ,1
বিজয়কালের,1
(যায়দকে),1
(ভয়ংকর,1
(সংখ্যায়),1
ইরওয়া্উল,1
(কিয়দংশে),1
বর্ণিতঃইয়া’লা,1
সমূদয়ের,1
ইয়া’ফূর,1
সময়)।,1
আ‘ওয়ার,1
জয়নাব,1
তায়ালার,1
জুমু’আহ্‌য়,1
জয়যুক্ত,1
হিদা-ইয়াতাকাত্‌,1
"সূর্যোদয়,",1
‘মুয়াত্তা’,1
নিরাশ্রয়,1
ন্যায়।),1
বিছিয়ে),1
‘ঈসায়ী,1
মাওয়ানের,1
কুরায়শকে,1
ওয়াক্‌ফকারী,1
(দয়াদ্র,1
"জুরায়জ,",1
পায়?),1
ইয়াহইয়াহ,1
কাসীরা-ওয়া,1
দেয়”-(সূরাহ্,1
হয়েছো-,1
নিয়েছিলেন?,1
কর্মবিধায়ক।,1
(ইয়ামানী),1
চেয়েছিলে।,1
নয়টিতে,1
গণনায়),1
ফুহাইয়া,1
শোননি।‘আয়িশাহ,1
পরাগায়ণ,1
শায়বাহ),1
দু'য়ের,1
বর্ণিতঃকুরায়শগণ,1
ডায়রিয়ার,1
খয়রাহা-,1
"(১৬৯)
নু’আয়ম",1
মুয়াওবিযাত,1
আ’ওয়ার,1
বর্ণিতঃকয়েকজন,1
দুঃখময়,1
"চোখওয়ালা,",1
অবস্হায়),1
হুওয়াইরিসের,1
"খেয়েছি,",1
'আহ্‌ওয়ায',1
"হয়েছেঃ
১.",1
হুশায়মের,1
উঠিয়েছেন।,1
সায়িবকে,1
অনু্যায়ী,1
সর্বদায়,1
জারিয়ার,1
কিসরাওয়ানী,1
(উমাইয়াহ),1
হালকায়,1
সম্প্রদায়”!,1
রেখাওয়ালা,1
আয়াতটি-فَمَا,1
গামিদীয়,1
(মালায়িকাহ্‌),1
"ভাষায়,",1
তিলাওয়াতও,1
ছায়াতলে।,1
নিবেদিত।‘আয়িশাহ,1
ফুলায়হ্-এর,1
হায়যুম,1
‘উমাইয়্যাহ্‌,1
লাগিয়েছেন?,1
হুদায়বিয়াতে,1
নয়নপ্রীতিকর,1
উভয়টাই।,1
ঝুলিয়েও,1
হুলওয়ানীর,1
প্রাচুর্যময়,1
(পুণরায়),1
(বিজয়ের,1
আকওয়া‘র,1
দা’ওয়াত।,1
"চাপায়,",1
"পায়।
দ্বিতীয়",1
আওয়াজও,1
সুনায়ন,1
"দয়ালু,",1
"নিরাময়কারী,",1
জুরায়য,1
খুশবুওয়ালার,1
বিজয়াভিযানে,1
হুরায়রা্(রাঃ)!,1
তিলায়াত,1
(শাও্‌ওয়ালের),1
কুনিয়াত),1
দিয়েছিলেন?”,1
দয়িত্ব,1
"সাজিয়েছেন,",1
"দিয়েছে।
আমার",1
"বয়োবৃদ্ধ,",1
মাড়িয়ে,1
আতিয়্যার,1
‘খিওয়ান’,1
তাইয়্যাহ্‌),1
"নিয়েছিল,",1
পৌছিয়েছেন”।,1
জানওয়ার,1
দিয়েছি?’এখনো,1
পাঠিয়েছিল।,1
ফিৎনায়,1
হুরায়রা্-এর,1
"সম্প্রদায়ের,",1
"তায়মী,",1
(পাঠিয়ে,1
যায়”।,1
"স্বগোত্রীয়রা,",1
তওয়াফে,1
"পাকায়,",1
‘উবায়দকে,1
নিয়ামতগুলো,1
“ইয়াহাব”,1
ওয়াসাকই,1
মারওয়াহর,1
প্রিয়তর।এখনো,1
ইয়াকূবের,1
রুবাইয়্যি-এর,1
‘সানিয়াতুল,1
বর্ণিতঃআরওয়া,1
পাওয়ালা,1
ঊকীয়্যাহ্‌),1
রয়েছেন।”,1
(আইয়ুব),1
ওয়ার্‌রাদকে,1
মু’‘আবিয়াহ,1
সঞ্চয়ও,1
"হাঁকিয়ে,",1
বিষয়োপরি,1
হুজায়ফাহ্‌,1
বায়াতের,1
ভয়ে;,1
লি‘আনকারীদ্বয়ের,1
ইয়ামানে।,1
ভয়ার্ত,1
ঈলিয়ার,1
‘নাজওয়া,1
(শায়ত্বনরা),1
গোছাওয়ালা,1
হিম্‌ইয়ারিয়্যাহ্‌,1
নোয়াতে,1
ওয়ায-নসীহত,1
‘উফায়র-এর,1
হুরায়রা।,1
সদাকাহ্-খয়রাত,1
"খণ্ড)
(আরবী)
ইয়াযীদ",1
(সোয়াদ,1
নিষ্প্রায়োজন।,1
বিষয়গুলো।,1
সম্মানীয়।”,1
‘আয়র’,1
"করত।
ওয়াকী’",1
যাক্ওয়ানের,1
ধরিয়ে,1
"হওয়া;
২.",1
বর্ণিতঃমিসওয়ার,1
"৪৪৩৫)
ইয়াযীদ",1
হাদ্‌ইয়্যাহ্‌,1
‘আম্বিয়াহ,1
পাহারদ্বয়ের,1
"সম্পদ।
লায়স",1
তায়িফবাসীকে,1
"(পরাজয়),",1
পাদ্বয়ের,1
দিয়েছিলো’,1
আত্মীয়-স্বজনরা,1
স্বল্পস্থায়ী,1
গলায়’,1
শেষ-তৃতীয়াংশ,1
আয়ায্,1
ফিদয়ার,1
(রাস্তায়),1
পিছলিয়ে,1
চাটাইয়ের।,1
বিষয়গুলি,1
দেউলিয়াপনা,1
সাথীদ্বয়ের,1
দেহকায়,1
‘রাওযায়ে,1
যায়িদার,1
দরিয়ার,1
হুমায়দ্‌,1
"হয়েছে।
বর্ণনাকারী",1
"শাওয়াল,",1
"বেলায়,",1
"যায়।
সুলাইমান",1
দরজায়-,1
(দুনিয়াবী,1
ছত্রছায়ায়,1
(জুরায়জকে),1
প্রয়োজনমুক্ত,1
ইবায়দ,1
‘আয়িশা‌,1
ছাপিয়ে,1
দয়াবান),1
"হয়েছেন।
(ই.",1
হানাফিয়্যাহ,1
‘ঘি’য়ে,1
বিনিময়ে?,1
আক্‌ওয়া’),1
মাদায়েন,1
"তত্ত্ববধায়ক।
আর",1
বিষয়বস্তুর,1
বাবা-মায়েরও,1
জি‘রানায়,1
নাজায়িয।,1
কমবয়সী,1
আশংকায়”।,1
রেওয়াত,1
সম্প্রদায়”-,1
বর্ণিতঃ‘উওয়াইমির,1
জানিয়েই,1
উভয়টাকে,1
পড়ায়),1
খাওয়াবার,1
"মিলায়।
‘আলী",1
"তাফীল।
‘আয়িশা",1
জানিয়েছি।,1
ব্যায়ভার,1
বস্‌রায়,1
ফিহআয়াত,1
ওয়াকা-সুফ্ইয়ান,1
সা’দায়কা!,1
ঈয়্যা-হু,1
(উমাইয়্যাহ্‌,1
লালায়িত।,1
কারুকার্যময়।,1
ওয়াস্ওয়াসা,1
আতিথেয়তার,1
গায়েবের,1
নয়দিন।,1
‘আজ্ওয়া’,1
"হাইয়ান,",1
পেয়েছি।’এখনো,1
বয়ঃপ্রাপ্তির,1
সুখয়া,1
"হয়।
মাদকদ্রব্য",1
নিয়ন্ত্রণকারী।,1
দৃঢ়প্রত্যয়,1
করুণাময়);,1
শায়ত্বনগুলো,1
তলোয়ারদের,1
সময়‘উসমান,1
পরিচয়ে।’’,1
[‘উরওয়াহ্,1
"হিদায়াত”।
আর",1
বর্ণিতঃওয়ারকার,1
লাগিয়েছেন।[৬৭৭৬;,1
গিয়েছিলো।,1
বললেনঃবয়োজ্যেষ্ঠকে,1
ওয়াদায়,1
খতায়ী,1
হুযায়র!,1
(বায়তুল্লাহ-এর),1
উভয়কেই।,1
ন্যায়।[মুসলিম,1
(নাখ্‌’য়ী),1
তালবীয়া,1
কুতায়বার,1
উপযোগী-দুনিয়ায়,1
"শিখিয়েছে,",1
"কমিয়েছে।
সা‘ঈদ",1
নালাদ্বয়,1
ওয়াকী’),1
মক্কাহয়,1
(শরী’য়তের,1
চেয়ে)।এখনো,1
ধোয়নি।,1
বালুময়,1
"দায়িত্বে,",1
ফাতাওয়ার,1
জাহেলিয়্যাতের,1
বানায়।,1
কয়েকভাবে,1
ঠিকানায়,1
শায়িতাবস্থায়,1
মুসাইয়্যাব!,1
‘মারিয়াহ্’,1
হয়নি?”,1
(লাউয়ের,1
সাও্ওয়ারাহূ,1
"وَالْوَصِيلَةُওয়াসীলাহ্,",1
"বানিয়েছিলেন,",1
দিয়েও”,1
শব্দদ্বয়ও,1
নিয়ামতসমূহ,1
ছয়শ’টি,1
সুওয়াইদ-এর,1
ন্যায়সঙ্গত’-,1
বায়তুল্লাহ্‌রও,1
হুরায়রা্(রাঃ)-এর,1
"সত্যপরায়ণ,",1
দিয়েছিস।,1
দিয়েছে)।,1
কুরায়ব-এর)।এখনো,1
আ-ওয়া-না,1
উমাইয়্যাহ্‌-এর,1
ওয়ালী।,1
কাটিয়ে),1
"হয়েছে।
অথচ",1
স্মরণীয়,1
আল-খায়ল,1
তামায়,1
(মেয়াদে),1
"শুনেছেন?
‘উরওয়াহ্",1
সাইয়্যাদ–এর,1
আ্উয়াল,1
প্রায়’।,1
ফিদইয়ার,1
দয়াশীল”,1
দায়িত্ববান।এখনো,1
(উদয়ের,1
ধরায়,1
"পায়।
সা’দ",1
(সুফ্‌ইয়ান),1
(আদায়কারীরূপে),1
(পালিয়ে),1
ইয়াতীম।,1
আল্‌-লায়স,1
নামিরায়,1
(হুমায়দ),1
খুরায়য-এর),1
মু’আবিয়্যাহ,1
ওয়ান্‌-নাজ্‌ম,1
(সিরিয়িা),1
নির্লজ্জতায়,1
মহাদুশ্চিন্তায়,1
(দেয়ার,1
যাওকয়ানী,1
"জ্বালিয়েছিল,",1
দিয়েছে”।,1
হিদায়াতপ্রাপ্তদের,1
"দেন।
লায়স",1
চর্মরোগওয়ালা,1
যায়দকেই,1
জারা‘আয়,1
মুআ’য়তের,1
করিয়েছি।এখনো,1
হাদিয়্যার,1
সা’য়িদা।এখনো,1
প্রক্রিয়ায়,1
আয়াতগুলি,1
ইয়াফূর,1
দুওয়ালী,1
(খাটিয়ায়),1
ওয়ালাদ।,1
আত্মনিয়োগ,1
‘অস্থায়ী,1
নিয়েছ;,1
"হুলওয়ানী,",1
হয়েছ?এখনো,1
একতৃতীয়াংশ,1
"দিয়েছিলেন।
(ই.ফা.",1
কুরায়বা,1
লায়ল”,1
"খেয়েছিলেন,",1
"সময়ের,
যেদিন",1
"(সেপটিসেমিয়া),",1
(দা’ওয়াতে),1
পেশাব-পায়খানার,1
সম্প্রাদায়ের,1
রিকা’য়,1
কুসায়ত্ব),1
রুফা’য়,1
মোকাবিলায়,1
ছায়ায়),1
"হয়েছে।
(৪)",1
হয়না”-,1
"হওয়া),",1
ফাতাওয়াই,1
জানোয়ারের),1
কর্মনিয়ন্ত্রক,1
শুরায়হ্!,1
ইয়াসারকে),1
জয়নব!,1
"তুলনীয়,",1
বায়তদের),1
নি‘য়ামাত),1
বয়সেও?,1
"প্রিয়,",1
মেসওয়াক,1
[‘আয়িশাহহ,1
যুবায়রের),1
“ওয়াবি,1
ক্বায়িফ।,1
কুআয়কিআন,1
দায়েরকারী,1
ঘোড়-সওয়ারদেরকে,1
“ওয়াত্‌তীনি,1
ছায়াটি,1
মহিয়ান)।,1
সারীয়্যা,1
তাওয়াক্কালতু,1
মহামহীয়ান,1
দায়িত্বপ্রাপ্ত।,1
(শু’আয়ব,1
ফায়সালায়,1
আনা-আও্ওয়ালুল,1
"নয়।
রাবী",1
বিস্ময়কর।,1
নিয়েছো?,1
‘আয়েশাহ,1
লাগিয়েছিলেন?,1
বিয়ে-শাদী,1
যুব্‌য়্যান,1
(‘আইয়্যাশ),1
"হয়েছে।
‘উক্বাহ্",1
‘সানিয়া’,1
নিয়েছে।(আধুনিক,1
(অর্থাৎ-কুরায়শ),1
গিয়েছিলাম?’,1
বর্ণনাকারীত্রয়),1
হয়েছিলেন),1
হাইয়ুল্লাযী,1
রুওয়াসী,1
ইয়াযানী),1
হিম্‌ইয়ারী,1
রাবিয়াহ্কে,1
"ধোঁয়া,",1
হয়েছি।”,1
করায়।[মুসলিম,1
তলায়ই,1
উভয়ই),1
জন্তু-জানোয়ারকে,1
"ঃ
দয়াময়",1
হুরায়রাহ্......,1
মোকাবেলায়,1
নবুয়্যতের,1
ন্যায়-বিচার,1
ফোঁপায়,1
ক্বিয়ামকারীদেরকে,1
সায়েম,1
কাটিয়েছি।মনে,1
শয়ত্বান,1
ওয়ারহমাতুল্লাহ্‌”।,1
জাহিলিইয়্যাহ,1
সুবায়হ্,1
ইয়াহ্‌ইয়াকে,1
সাহবা-য়,1
(ইয়ারহামুকাল্লাহ্‌,1
"করতেন।
‘আয়িশা",1
নিয়ামতপ্রাপ্ত,1
গিয়েছ।,1
"খাও।
সুফইয়ান",1
নিয়েছিলেন।(আধুনিক,1
(বিষয়াদি),1
বেদনাদায়ক।,1
(আততায়ীর,1
সময়;,1
হুরায়রা(রাঃ),1
নিয়মেরই,1
জন্ত-জানোয়ার,1
ওয়াসাল্লাম।,1
ইয়াজুজ-মাজুজ,1
ছন্দোময়,1
"যাকারিইয়্যা,",1
"لله
“যাবতীয়",1
দেয়!,1
অগ্রনায়ক।,1
নিশ্চয়য়ই,1
উহায়বের,1
করায়ে,1
"আছে।
আয়াতটির",1
হুযায়ম,1
‘উলাইয়্যি,1
মেয়েকে?,1
পায়গাম),1
গিয়েছিলন।,1
খুওয়ায়লিদের,1
"না।
আসওয়াদ",1
সায়ফ-এর,1
সিরিয়াও,1
"করতাম।
সুফইয়ানের",1
‘আরীহায়’,1
"রৌপ্যের।
ইয়াহ্‌ইয়া",1
বিজয়?”,1
চাওয়া।এখনো,1
(ইয়াওমুন্নাহারের,1
বানিয়েছে।,1
নু’য়ীদুকুম,1
যাওয়ায়),1
অর্থানুযায়ী।,1
দায়-দায়িত্বের,1
ফরিয়াদকে,1
নিয়েছেন;,1
বিষয়টিও,1
হানাফিয়ার,1
ওয়াহয়ব,1
কাটিয়েছে।’এখনো,1
বানোয়াট।,1
(হায়সের),1
তাক্‌ওয়া-হা,1
জানোয়ার।,1
রয়েছে”-(আযহাবঃ,1
সুফ্‌ফায়,1
পাঠিয়েছিলে?,1
লেহইয়ান,1
বর্ণিতঃ‘উকায়লের,1
কাঁচা-পাকায়,1
ওয়ালাকুমুল,1
আওয়াবীন’,1
"হুনায়ন,",1
"আসলেন।
হুমায়দ",1
সুলায়ম।,1
হয়।[২৯](,1
"আঁচড়িয়ে,",1
হুমায়দের,1
"‘উয়াইনাহ্,",1
গোশতওয়ালা,1
"পিঁয়াজ,",1
কর্ণদ্বয়,1
‘ওয়াআলাইকা’।,1
আব্‌ওয়া-বা,1
"ওয়া‘দা,",1
কাঁটাওয়ালা),1
(ওয়া‘দা),1
নিদ্রায়ও,1
দুনিয়াতেও,1
আয়ুব,1
ফায়দাহ্।,1
যুবা‘য়ী,1
চুঁড়ায়,1
লিয়ানকারী,1
"করবে।
সুফ্‌ইয়ান",1
(আমলের)ন্যায়,1
"হয়েছে;
(৫)",1
দিয়েছিল”।,1
কল্যাণময়।এখনো,1
খুইয়ে,1
(লোকালয়ে),1
চাঁদোয়ার,1
বিভীষিকাময়,1
সুবায়‘আ,1
"করবে।
‘উরওয়াহ্",1
বর্ণিতঃএকসময়ে,1
"উভয়ে,",1
‘সাফা-মারওয়াহ্‌,1
জায়েযও,1
ধারাবাহিকতায়,1
জানায়িয-,1
এক-তৃতীয়াংশও,1
মাহ্‌ইয়া-ইয়া,1
দু’ইয়ামানী,1
বর্ণনায়],1
বুড়িয়ে,1
ফিদ্‌য়া,1
‘ওয়াআলাইকুম’।,1
বায়তুল-মিদ্‌রাস,1
‘ক্বিওয়াম’,1
“বুহাইরায়ে,1
বর্ণিতঃ‘উক্বায়ল,1
ইস্তঞ্জায়,1
সেময়,1
ওয়ারিসকে,1
সাও্ওয়াদ,1
ভয়কারী,1
কিবলায়,1
"হওয়া।
(রাবী)",1
"যায়্দ,",1
সমবয়সীর,1
হুরায়শ,1
ক্বিবলায়,1
বয়সীকে,1
ওয়ারিছের,1
শুনিয়েছি।,1
ওয়াজ’আল,1
নাড়িয়েছেন,1
ওয়াসিইয়্যাত,1
প্রকাশ্য-গোপনীয়,1
আকওয়ার,1
নিয়োজিত।,1
দু'আয়,1
যাবানিয়াতুন।এখনো,1
ওয়া’দাভঙ্গকারী।,1
ইয়াসির),1
কয়েকগুণ,1
মুন্‌য়াহ্‌,1
জুওয়াসা,1
সূত্রদ্বয়ের,1
শানূয়াহ্‌,1
মিস্ওয়ার,1
জুহায়নাহ্‌,1
ওয়াসাল্লাম)),1
লুকিয়েছিল।,1
সময়টাই,1
ওয়াহীরূপে,1
করেছেন’–ক্বিয়ামাতের,1
অবস্থায়।(আধুনিক,1
অসুস্থতায়,1
(তোশাখানায়),1
রয়েছেতা,1
"নয়।)
আর",1
ওয়াকী‘-এর,1
"হয়েছে্,",1
করল-ইয়া,1
"যায়।
ইমাম",1
খোসায়।,1
ন্যায়],1
হয়েছে”-(সূরাহ,1
"হয়
অথচ",1
হুনায়ফের,1
যরায়-এর,1
ওয়ালিমা।,1
নিয়োগপত্র,1
সুফ্য়ানের,1
বাগধারায়,1
দেয়াতে।,1
ইফ্‌রীয়াতুন,1
খাওয়াব।,1
ইয়ামূতু,1
ছোবড়ায়,1
হুরাইয়রা,1
অনাত্মীয়,1
"অবক্ষয়,",1
ময়লাস্তুপে,1
এখ্‌তিয়ার,1
'ইয়ামামা',1
খাওয়া-দাওয়ার,1
বয়ান,1
"ইব্‌নুল-আও্‌ওয়াম,",1
দ্বিতীয়টার,1
ওয়ায্‌যুহা,1
ইচ্ছেয়,1
আক্‌ওয়া‘।,1
রয়েছে’।,1
(লজ্জায়),1
ইয়ামামাহ্‌র,1
"খুলিনি।
‘আয়িশা",1
বয়ঃকনিষ্ঠ।,1
বেলায়)।,1
………‘আয়িশা,1
হয়েছি।।,1
জিয্‌য়ার,1
ছয়।,1
ওয়ালিমাহ।,1
শিঙয়ের,1
দয়ার্দ্রতার,1
আদায়),1
পায়নি।এখনো,1
ঊকিয়া,1
টিলায়।,1
(মারইয়ামের),1
কুস্তুনতিনিয়া,1
ঘটিয়েছেন।,1
নাসায়ীতে,1
সাওয়ার।,1
ওয়াক্কাস-কে,1
(কিয়াম),1
দীনিয়াল্লিযী,1
(প্রায়ই),1
"পর্যন্ত।
‘আয়িশা",1
সম্প্রদায়কেও।”[৭৯],1
উমাইয়াহ।এখনো,1
ওয়াসীলায়ই,1
বইয়ের,1
বর্ণনাকারীদ্বয়ের,1
বলেছেন-কুরায়ব,1
ভালবাসায়),1
‘আ-ফিয়াতিকা,1
(পাওয়া),1
‘ইয়াওমূল,1
বর্ণিতঃমু'আবিয়াহ্,1
তুফায়ল),1
যুল-হূলায়ফাহর,1
মুসাইয়্যাবী,1
সম্প্রদায়”।,1
(মায়েজ),1
(সেথায়),1
নেশায়,1
(‘'আয়িশাহ্‌,1
নুবুওয়াতের,1
"–লাব্বায়কা,",1
